-- phpMyAdmin SQL Dump
-- version 5.2.1
-- https://www.phpmyadmin.net/
--
-- Gép: 127.0.0.1
-- Létrehozás ideje: 2026. Ápr 27. 21:15
-- Kiszolgáló verziója: 10.4.32-MariaDB
-- PHP verzió: 8.2.12

SET SQL_MODE = "NO_AUTO_VALUE_ON_ZERO";
START TRANSACTION;
SET time_zone = "+00:00";


/*!40101 SET @OLD_CHARACTER_SET_CLIENT=@@CHARACTER_SET_CLIENT */;
/*!40101 SET @OLD_CHARACTER_SET_RESULTS=@@CHARACTER_SET_RESULTS */;
/*!40101 SET @OLD_COLLATION_CONNECTION=@@COLLATION_CONNECTION */;
/*!40101 SET NAMES utf8mb4 */;

--
-- Adatbázis: `concert`
--

-- --------------------------------------------------------

--
-- Tábla szerkezet ehhez a táblához `cache`
--

CREATE TABLE `cache` (
  `key` varchar(255) NOT NULL,
  `value` mediumtext NOT NULL,
  `expiration` int(11) NOT NULL
) ENGINE=InnoDB DEFAULT CHARSET=utf8mb4 COLLATE=utf8mb4_unicode_ci;

-- --------------------------------------------------------

--
-- Tábla szerkezet ehhez a táblához `cache_locks`
--

CREATE TABLE `cache_locks` (
  `key` varchar(255) NOT NULL,
  `owner` varchar(255) NOT NULL,
  `expiration` int(11) NOT NULL
) ENGINE=InnoDB DEFAULT CHARSET=utf8mb4 COLLATE=utf8mb4_unicode_ci;

-- --------------------------------------------------------

--
-- Tábla szerkezet ehhez a táblához `concerts`
--

CREATE TABLE `concerts` (
  `id` bigint(20) UNSIGNED NOT NULL,
  `picture` varchar(255) DEFAULT NULL,
  `name` varchar(50) NOT NULL,
  `performer_id` bigint(20) UNSIGNED NOT NULL,
  `room_id` bigint(20) UNSIGNED NOT NULL,
  `date` datetime NOT NULL,
  `base_price` int(11) NOT NULL,
  `description` varchar(255) DEFAULT NULL,
  `status` tinyint(4) NOT NULL DEFAULT 0,
  `soft_delete` tinyint(1) NOT NULL DEFAULT 0,
  `created_at` timestamp NULL DEFAULT NULL,
  `updated_at` timestamp NULL DEFAULT NULL
) ENGINE=InnoDB DEFAULT CHARSET=utf8mb4 COLLATE=utf8mb4_unicode_ci;

--
-- A tábla adatainak kiíratása `concerts`
--

INSERT INTO `concerts` (`id`, `picture`, `name`, `performer_id`, `room_id`, `date`, `base_price`, `description`, `status`, `soft_delete`, `created_at`, `updated_at`) VALUES
(1, '/kepek/tankcsapda.jpg', 'Tankcsapda – Tavaszi koncert', 10, 1, '2026-09-12 20:00:00', 12990, 'A legendás debreceni rocktrió ismét színpadra lép egy energikus tavaszi koncert erejéig. A jól ismert slágerek mellett új dalokkal is készülnek, garantált a pörgős hangulat és a telt házas élmény.', 0, 0, '2026-04-20 16:08:41', '2026-04-20 16:08:41'),
(2, '/kepek/halott_penz.jpg', 'Halott Pénz – Turnéállomás', 11, 3, '2026-06-05 19:30:00', 14990, 'A Halott Pénz egy újabb állomásához érkezik országos turnéjának. Dallamos pop-rap hangzás, közönségkedvenc dalok és felejthetetlen hangulat vár minden látogatót.', 0, 0, '2026-04-20 16:08:41', '2026-04-20 16:08:41'),
(3, '/kepek/quimby.jpg', 'Quimby – Akusztik', 12, 4, '2026-10-22 19:00:00', 11990, 'Egy különleges, bensőséges hangulatú este a Quimbyvel. Az ismert dalok akusztikus feldolgozásban csendülnek fel, új oldalról mutatva meg a zenekar egyedi világát.', 0, 0, '2026-04-20 16:08:41', '2026-04-20 16:08:41'),
(4, '/kepek/analog_balaton.jpg', 'Analog Balaton – Elektronikus est', 13, 2, '2026-02-28 21:00:00', 9990, 'Modern elektronikus hangzás és atmoszferikus dallamok találkozása egy különleges éjszakán. Az Analog Balaton egyedi stílusával garantáltan magával ragadja a közönséget.', 0, 1, '2026-04-20 16:08:41', '2026-04-20 17:57:31'),
(5, '/kepek/ragtime_band.jpg', 'Jazz Night', 4, 6, '2026-03-01 19:00:00', 8990, 'Egy elegáns este a jazz szerelmeseinek. Kiváló zenészek, improvizáció és hamisítatlan klubhangulat várja az érdeklődőket.', 0, 1, '2026-04-20 16:08:41', '2026-04-20 17:57:31'),
(6, '/kepek/hot_jazz_band.jpg', 'Akarsz-e játszani?', 15, 8, '2026-04-18 18:30:00', 6990, 'Egy különleges zenei és irodalmi est, ahol a dallamok és a szövegek együtt kelnek életre. Intim hangulat, elgondolkodtató pillanatok és művészi élmény egy helyen.', 0, 1, '2026-04-20 16:08:41', '2026-04-20 17:57:31'),
(7, '/kepek/dohnanyi.jpg', 'Világok találkozása – Megérthető zene', 8, 7, '2026-05-02 19:00:00', 10990, 'Ez az est a különböző zenei stílusok találkozását mutatja be közérthető és élvezetes formában. Klasszikus és modern elemek ötvözete egy izgalmas koncertélményben.', 0, 0, '2026-04-20 16:08:41', '2026-04-20 16:08:41'),
(8, '/kepek/alma.jpg', 'dafsadsf', 1, 3, '2026-10-25 19:00:00', 15500, NULL, 0, 0, '2026-04-27 16:31:01', '2026-04-27 16:31:01');

-- --------------------------------------------------------

--
-- Tábla szerkezet ehhez a táblához `discounts`
--

CREATE TABLE `discounts` (
  `id` bigint(20) UNSIGNED NOT NULL,
  `type` varchar(20) NOT NULL,
  `value` tinyint(3) UNSIGNED NOT NULL,
  `created_at` timestamp NULL DEFAULT NULL,
  `updated_at` timestamp NULL DEFAULT NULL
) ENGINE=InnoDB DEFAULT CHARSET=utf8mb4 COLLATE=utf8mb4_unicode_ci;

--
-- A tábla adatainak kiíratása `discounts`
--

INSERT INTO `discounts` (`id`, `type`, `value`, `created_at`, `updated_at`) VALUES
(1, 'normál', 100, '2026-04-20 16:08:41', '2026-04-20 16:08:41'),
(2, 'diák', 50, '2026-04-20 16:08:41', '2026-04-20 16:08:41'),
(3, 'nyugdíjas', 45, '2026-04-20 16:08:41', '2026-04-20 16:08:41'),
(4, 'vip', 25, '2026-04-20 16:08:41', '2026-04-20 16:08:41'),
(5, 'promo', 10, '2026-04-20 16:08:41', '2026-04-20 16:08:41');

-- --------------------------------------------------------

--
-- Tábla szerkezet ehhez a táblához `failed_jobs`
--

CREATE TABLE `failed_jobs` (
  `id` bigint(20) UNSIGNED NOT NULL,
  `uuid` varchar(255) NOT NULL,
  `connection` text NOT NULL,
  `queue` text NOT NULL,
  `payload` longtext NOT NULL,
  `exception` longtext NOT NULL,
  `failed_at` timestamp NOT NULL DEFAULT current_timestamp()
) ENGINE=InnoDB DEFAULT CHARSET=utf8mb4 COLLATE=utf8mb4_unicode_ci;

-- --------------------------------------------------------

--
-- Tábla szerkezet ehhez a táblához `genres`
--

CREATE TABLE `genres` (
  `id` bigint(20) UNSIGNED NOT NULL,
  `name` varchar(255) NOT NULL,
  `created_at` timestamp NULL DEFAULT NULL,
  `updated_at` timestamp NULL DEFAULT NULL
) ENGINE=InnoDB DEFAULT CHARSET=utf8mb4 COLLATE=utf8mb4_unicode_ci;

--
-- A tábla adatainak kiíratása `genres`
--

INSERT INTO `genres` (`id`, `name`, `created_at`, `updated_at`) VALUES
(1, 'jazz', '2026-04-20 16:08:40', '2026-04-20 16:08:40'),
(2, 'rock', '2026-04-20 16:08:40', '2026-04-20 16:08:40'),
(3, 'pop', '2026-04-20 16:08:40', '2026-04-20 16:08:40'),
(4, 'blues', '2026-04-20 16:08:40', '2026-04-20 16:08:40'),
(5, 'klasszikus', '2026-04-20 16:08:40', '2026-04-20 16:08:40'),
(6, 'metál', '2026-04-20 16:08:40', '2026-04-20 16:08:40'),
(7, 'hip-hop', '2026-04-20 16:08:40', '2026-04-20 16:08:40'),
(8, 'elektronikus', '2026-04-20 16:08:40', '2026-04-20 16:08:40'),
(9, 'folk', '2026-04-20 16:08:40', '2026-04-20 16:08:40'),
(10, 'alternatív', '2026-04-20 16:08:40', '2026-04-20 16:08:40');

-- --------------------------------------------------------

--
-- Tábla szerkezet ehhez a táblához `jobs`
--

CREATE TABLE `jobs` (
  `id` bigint(20) UNSIGNED NOT NULL,
  `queue` varchar(255) NOT NULL,
  `payload` longtext NOT NULL,
  `attempts` tinyint(3) UNSIGNED NOT NULL,
  `reserved_at` int(10) UNSIGNED DEFAULT NULL,
  `available_at` int(10) UNSIGNED NOT NULL,
  `created_at` int(10) UNSIGNED NOT NULL
) ENGINE=InnoDB DEFAULT CHARSET=utf8mb4 COLLATE=utf8mb4_unicode_ci;

-- --------------------------------------------------------

--
-- Tábla szerkezet ehhez a táblához `job_batches`
--

CREATE TABLE `job_batches` (
  `id` varchar(255) NOT NULL,
  `name` varchar(255) NOT NULL,
  `total_jobs` int(11) NOT NULL,
  `pending_jobs` int(11) NOT NULL,
  `failed_jobs` int(11) NOT NULL,
  `failed_job_ids` longtext NOT NULL,
  `options` mediumtext DEFAULT NULL,
  `cancelled_at` int(11) DEFAULT NULL,
  `created_at` int(11) NOT NULL,
  `finished_at` int(11) DEFAULT NULL
) ENGINE=InnoDB DEFAULT CHARSET=utf8mb4 COLLATE=utf8mb4_unicode_ci;

-- --------------------------------------------------------

--
-- Tábla szerkezet ehhez a táblához `migrations`
--

CREATE TABLE `migrations` (
  `id` int(10) UNSIGNED NOT NULL,
  `migration` varchar(255) NOT NULL,
  `batch` int(11) NOT NULL
) ENGINE=InnoDB DEFAULT CHARSET=utf8mb4 COLLATE=utf8mb4_unicode_ci;

--
-- A tábla adatainak kiíratása `migrations`
--

INSERT INTO `migrations` (`id`, `migration`, `batch`) VALUES
(1, '0001_01_01_000000_create_users_table', 1),
(2, '0001_01_01_000001_create_cache_table', 1),
(3, '0001_01_01_000002_create_jobs_table', 1),
(4, '2025_10_23_081320_create_genres_table', 1),
(5, '2025_10_23_081328_create_performers_table', 1),
(6, '2025_10_23_081347_create_places_table', 1),
(7, '2025_10_23_081415_create_rooms_table', 1),
(8, '2025_10_23_081440_create_seats_table', 1),
(9, '2025_10_23_081503_create_concerts_table', 1),
(10, '2025_10_23_081540_create_discounts_table', 1),
(11, '2025_10_23_081544_create_reservations_table', 1),
(12, '2025_10_23_081559_create_tickets_table', 1),
(13, '2026_01_04_212405_create_personal_access_tokens_table', 1);

-- --------------------------------------------------------

--
-- Tábla szerkezet ehhez a táblához `password_reset_tokens`
--

CREATE TABLE `password_reset_tokens` (
  `email` varchar(255) NOT NULL,
  `token` varchar(255) NOT NULL,
  `created_at` timestamp NULL DEFAULT NULL
) ENGINE=InnoDB DEFAULT CHARSET=utf8mb4 COLLATE=utf8mb4_unicode_ci;

-- --------------------------------------------------------

--
-- Tábla szerkezet ehhez a táblához `performers`
--

CREATE TABLE `performers` (
  `id` bigint(20) UNSIGNED NOT NULL,
  `name` varchar(50) NOT NULL,
  `genre` bigint(20) UNSIGNED NOT NULL DEFAULT 1,
  `description` varchar(255) DEFAULT NULL,
  `country` varchar(20) NOT NULL,
  `created_at` timestamp NULL DEFAULT NULL,
  `updated_at` timestamp NULL DEFAULT NULL
) ENGINE=InnoDB DEFAULT CHARSET=utf8mb4 COLLATE=utf8mb4_unicode_ci;

--
-- A tábla adatainak kiíratása `performers`
--

INSERT INTO `performers` (`id`, `name`, `genre`, `description`, `country`, `created_at`, `updated_at`) VALUES
(1, 'Fish!', 3, 'Energikus magyar alternatív rockzenekar, amely lendületes koncertjeiről és szókimondó szövegeiről ismert. Dalaik egyszerre szórakoztatóak és elgondolkodtatóak.', 'magyar', '2026-04-20 16:08:40', '2026-04-20 16:08:40'),
(2, 'Kowalsky meg a Vega!', 2, 'Egyedi hangzásvilágú zenekar, amely a rockot, popot és alternatív elemeket ötvözi. Pozitív üzenetű szövegeik és erős színpadi jelenlétük miatt rendkívül népszerűek.', 'magyar', '2026-04-20 16:08:40', '2026-04-20 16:08:40'),
(3, 'Edda', 2, 'A magyar rockzene egyik meghatározó eggyüttese. Időtálló dalaik generációk óta meghatározó részét képezik a hazai zenei kultúrának.', 'magyar', '2026-04-20 16:08:40', '2026-04-20 16:08:40'),
(4, 'Budapest Ragtime Band', 1, 'A tradicionális jazz és ragtime stílus hazai képviselői, akik vidám, szórakoztató előadásaikkal minden korosztályt megszólítanak.', 'magyar', '2026-04-20 16:08:40', '2026-04-20 16:08:40'),
(5, 'Ossian!', 6, 'Klasszikus magyar heavy metal zenekar, amely évtizedek óta stabil helyet foglal el a hazai rockszíntéren. Erőteljes hangzás és szenvedélyes előadás jellemzi őket.', 'magyar', '2026-04-20 16:08:40', '2026-04-20 16:08:40'),
(6, 'Moby Dick', 6, 'Thrash metal zenekar, amely kemény riffjeiről és lendületes koncertjeiről ismert. Zenéjük a műfaj rajongóinak igazi csemege.', 'magyar', '2026-04-20 16:08:40', '2026-04-20 16:08:40'),
(7, 'Deák Bill Blues Band', 4, 'A magyar blues egyik legismertebb képviselője, karizmatikus előadással és mély érzelmekkel teli dalokkal. A „magyar blueskirály” zenekara.', 'magyar', '2026-04-20 16:08:40', '2026-04-20 16:08:40'),
(8, 'Budafoki Dohnányi Ernő Szimfonikus Zenekar', 5, 'Nemzetközi szinten is elismert szimfonikus zenekar, amely klasszikus és modern művek előadásában egyaránt kiemelkedő.', 'magyar', '2026-04-20 16:08:40', '2026-04-20 16:08:40'),
(9, 'Győri Filharmonikus Zenekar', 5, 'Magas színvonalú klasszikus zenei produkciók jellemzik, repertoárjuk a barokktól a kortárs művekig terjed.', 'magyar', '2026-04-20 16:08:40', '2026-04-20 16:08:40'),
(10, 'Tankcsapda', 2, 'Az egyik legismertebb magyar rockzenekar, akik több évtizede uralják a hazai színpadokat. Nyers energiájuk és ikonikus dalaik miatt hatalmas rajongótáborral rendelkeznek.', 'magyar', '2026-04-20 16:08:40', '2026-04-20 16:08:40'),
(11, 'Halott Pénz', 7, 'Modern pop és rap elemeket ötvöző formáció, amely fülbemászó dallamaival és személyes hangvételű szövegeivel hódít.', 'magyar', '2026-04-20 16:08:40', '2026-04-20 16:08:40'),
(12, 'Quimby', 10, 'Alternatív zenei világ, költői szövegek és különleges hangzás jellemzi őket. Az egyik legkarakteresebb magyar zenekar.', 'magyar', '2026-04-20 16:08:40', '2026-04-20 16:08:40'),
(13, 'Analog Balaton', 8, 'Elektronikus és alternatív elemeket vegyítő duó, amely modern, atmoszferikus hangzásával tűnik ki.', 'magyar', '2026-04-20 16:08:40', '2026-04-20 16:08:40'),
(14, 'Parno Graszt', 9, 'Autentikus cigányzenei együttes, akik energikus előadásaikkal és hagyományőrző stílusukkal világszerte ismertek.', 'magyar', '2026-04-20 16:08:40', '2026-04-20 16:08:40'),
(15, 'Hot Jazz Band', 1, 'A klasszikus jazz korszak hangulatát idéző zenekar, amely igényes és szórakoztató előadásaival régóta a műfaj meghatározó szereplője.', 'magyar', '2026-04-20 16:08:40', '2026-04-20 16:08:40');

-- --------------------------------------------------------

--
-- Tábla szerkezet ehhez a táblához `personal_access_tokens`
--

CREATE TABLE `personal_access_tokens` (
  `id` bigint(20) UNSIGNED NOT NULL,
  `tokenable_type` varchar(255) NOT NULL,
  `tokenable_id` bigint(20) UNSIGNED NOT NULL,
  `name` text NOT NULL,
  `token` varchar(64) NOT NULL,
  `abilities` text DEFAULT NULL,
  `last_used_at` timestamp NULL DEFAULT NULL,
  `expires_at` timestamp NULL DEFAULT NULL,
  `created_at` timestamp NULL DEFAULT NULL,
  `updated_at` timestamp NULL DEFAULT NULL
) ENGINE=InnoDB DEFAULT CHARSET=utf8mb4 COLLATE=utf8mb4_unicode_ci;

-- --------------------------------------------------------

--
-- Tábla szerkezet ehhez a táblához `places`
--

CREATE TABLE `places` (
  `id` bigint(20) UNSIGNED NOT NULL,
  `name` varchar(50) NOT NULL,
  `city` varchar(20) NOT NULL,
  `address` varchar(255) NOT NULL,
  `created_at` timestamp NULL DEFAULT NULL,
  `updated_at` timestamp NULL DEFAULT NULL
) ENGINE=InnoDB DEFAULT CHARSET=utf8mb4 COLLATE=utf8mb4_unicode_ci;

--
-- A tábla adatainak kiíratása `places`
--

INSERT INTO `places` (`id`, `name`, `city`, `address`, `created_at`, `updated_at`) VALUES
(1, 'A38 Hajó', 'Budapest', 'Petőfi híd budai hídfő', '2026-04-20 16:08:40', '2026-04-20 16:08:40'),
(2, 'Akvárium Klub', 'Budapest', 'Erzsébet tér 12.', '2026-04-20 16:08:40', '2026-04-20 16:08:40'),
(3, 'Barba Negra', 'Budapest', 'Szállító utca 3.', '2026-04-20 16:08:40', '2026-04-20 16:08:40'),
(4, 'Budapest Park', 'Budapest', 'Soroksári út 60.', '2026-04-20 16:08:40', '2026-04-20 16:08:40'),
(5, 'Erkel Színház', 'Budapest', 'II. János Pál pápa tér 30.', '2026-04-20 16:08:40', '2026-04-20 16:08:40'),
(6, 'Művészetek Palotája', 'Budapest', 'Komor Marcell utca 1.', '2026-04-20 16:08:40', '2026-04-20 16:08:40'),
(7, 'Müpa Fesztivál Színház', 'Budapest', 'Komor Marcell utca 1.', '2026-04-20 16:08:40', '2026-04-20 16:08:40'),
(8, 'Papp László Sportaréna', 'Budapest', 'Stefánia út 2.', '2026-04-20 16:08:40', '2026-04-20 16:08:40'),
(9, 'Vigadó', 'Budapest', 'Vigadó tér 2.', '2026-04-20 16:08:40', '2026-04-20 16:08:40'),
(10, 'Várkert Bazár', 'Budapest', 'Ybl Miklós tér 2-6.', '2026-04-20 16:08:40', '2026-04-20 16:08:40');

-- --------------------------------------------------------

--
-- Tábla szerkezet ehhez a táblához `reservations`
--

CREATE TABLE `reservations` (
  `id` bigint(20) UNSIGNED NOT NULL,
  `user_id` bigint(20) UNSIGNED NOT NULL,
  `concert_id` bigint(20) UNSIGNED NOT NULL,
  `reservation_date` datetime NOT NULL DEFAULT '2026-04-20 18:08:37',
  `status` tinyint(4) NOT NULL DEFAULT 0,
  `created_at` timestamp NULL DEFAULT NULL,
  `updated_at` timestamp NULL DEFAULT NULL
) ENGINE=InnoDB DEFAULT CHARSET=utf8mb4 COLLATE=utf8mb4_unicode_ci;

-- --------------------------------------------------------

--
-- Tábla szerkezet ehhez a táblához `rooms`
--

CREATE TABLE `rooms` (
  `id` bigint(20) UNSIGNED NOT NULL,
  `place_id` bigint(20) UNSIGNED NOT NULL,
  `serial_number` int(11) NOT NULL,
  `total_rows` int(11) NOT NULL,
  `total_columns` int(11) NOT NULL,
  `created_at` timestamp NULL DEFAULT NULL,
  `updated_at` timestamp NULL DEFAULT NULL
) ENGINE=InnoDB DEFAULT CHARSET=utf8mb4 COLLATE=utf8mb4_unicode_ci;

--
-- A tábla adatainak kiíratása `rooms`
--

INSERT INTO `rooms` (`id`, `place_id`, `serial_number`, `total_rows`, `total_columns`, `created_at`, `updated_at`) VALUES
(1, 1, 1, 10, 12, '2026-04-20 16:08:40', '2026-04-20 16:08:40'),
(2, 1, 2, 8, 10, '2026-04-20 16:08:40', '2026-04-20 16:08:40'),
(3, 2, 1, 12, 14, '2026-04-20 16:08:40', '2026-04-20 16:08:40'),
(4, 3, 1, 10, 10, '2026-04-20 16:08:40', '2026-04-20 16:08:40'),
(5, 3, 2, 6, 8, '2026-04-20 16:08:40', '2026-04-20 16:08:40'),
(6, 4, 1, 14, 16, '2026-04-20 16:08:41', '2026-04-20 16:08:41'),
(7, 4, 2, 10, 12, '2026-04-20 16:08:41', '2026-04-20 16:08:41'),
(8, 5, 1, 8, 10, '2026-04-20 16:08:41', '2026-04-20 16:08:41'),
(9, 6, 1, 10, 12, '2026-04-20 16:08:41', '2026-04-20 16:08:41'),
(10, 7, 1, 6, 10, '2026-04-20 16:08:41', '2026-04-20 16:08:41'),
(11, 8, 1, 6, 8, '2026-04-20 16:08:41', '2026-04-20 16:08:41'),
(12, 9, 1, 10, 10, '2026-04-20 16:08:41', '2026-04-20 16:08:41'),
(13, 10, 1, 12, 10, '2026-04-20 16:08:41', '2026-04-20 16:08:41'),
(14, 1, 3, 5, 5, '2026-04-27 16:32:24', '2026-04-27 16:32:24');

-- --------------------------------------------------------

--
-- Tábla szerkezet ehhez a táblához `seats`
--

CREATE TABLE `seats` (
  `id` bigint(20) UNSIGNED NOT NULL,
  `room_id` bigint(20) UNSIGNED NOT NULL,
  `row_number` int(11) NOT NULL,
  `column_number` int(11) NOT NULL,
  `price_multiplier` decimal(5,2) NOT NULL DEFAULT 1.00,
  `created_at` timestamp NULL DEFAULT NULL,
  `updated_at` timestamp NULL DEFAULT NULL
) ENGINE=InnoDB DEFAULT CHARSET=utf8mb4 COLLATE=utf8mb4_unicode_ci;

--
-- A tábla adatainak kiíratása `seats`
--

INSERT INTO `seats` (`id`, `room_id`, `row_number`, `column_number`, `price_multiplier`, `created_at`, `updated_at`) VALUES
(1, 1, 1, 1, 1.00, '2026-04-20 16:08:41', '2026-04-20 16:08:41'),
(2, 1, 1, 2, 1.00, '2026-04-20 16:08:41', '2026-04-20 16:08:41'),
(3, 1, 1, 3, 1.00, '2026-04-20 16:08:41', '2026-04-20 16:08:41'),
(4, 1, 1, 4, 1.00, '2026-04-20 16:08:41', '2026-04-20 16:08:41'),
(5, 1, 1, 5, 1.00, '2026-04-20 16:08:41', '2026-04-20 16:08:41'),
(6, 1, 1, 6, 1.00, '2026-04-20 16:08:41', '2026-04-20 16:08:41'),
(7, 1, 1, 7, 1.00, '2026-04-20 16:08:41', '2026-04-20 16:08:41'),
(8, 1, 1, 8, 1.00, '2026-04-20 16:08:41', '2026-04-20 16:08:41'),
(9, 1, 1, 9, 1.00, '2026-04-20 16:08:41', '2026-04-20 16:08:41'),
(10, 1, 1, 10, 1.00, '2026-04-20 16:08:41', '2026-04-20 16:08:41'),
(11, 1, 1, 11, 1.00, '2026-04-20 16:08:41', '2026-04-20 16:08:41'),
(12, 1, 1, 12, 1.00, '2026-04-20 16:08:41', '2026-04-20 16:08:41'),
(13, 1, 2, 1, 1.00, '2026-04-20 16:08:41', '2026-04-20 16:08:41'),
(14, 1, 2, 2, 1.00, '2026-04-20 16:08:41', '2026-04-20 16:08:41'),
(15, 1, 2, 3, 1.00, '2026-04-20 16:08:41', '2026-04-20 16:08:41'),
(16, 1, 2, 4, 1.00, '2026-04-20 16:08:41', '2026-04-20 16:08:41'),
(17, 1, 2, 5, 1.00, '2026-04-20 16:08:41', '2026-04-20 16:08:41'),
(18, 1, 2, 6, 1.00, '2026-04-20 16:08:41', '2026-04-20 16:08:41'),
(19, 1, 2, 7, 1.00, '2026-04-20 16:08:41', '2026-04-20 16:08:41'),
(20, 1, 2, 8, 1.00, '2026-04-20 16:08:41', '2026-04-20 16:08:41'),
(21, 1, 2, 9, 1.00, '2026-04-20 16:08:41', '2026-04-20 16:08:41'),
(22, 1, 2, 10, 1.00, '2026-04-20 16:08:41', '2026-04-20 16:08:41'),
(23, 1, 2, 11, 1.00, '2026-04-20 16:08:41', '2026-04-20 16:08:41'),
(24, 1, 2, 12, 1.00, '2026-04-20 16:08:41', '2026-04-20 16:08:41'),
(25, 1, 3, 1, 1.00, '2026-04-20 16:08:41', '2026-04-20 16:08:41'),
(26, 1, 3, 2, 1.00, '2026-04-20 16:08:41', '2026-04-20 16:08:41'),
(27, 1, 3, 3, 1.00, '2026-04-20 16:08:41', '2026-04-20 16:08:41'),
(28, 1, 3, 4, 1.00, '2026-04-20 16:08:41', '2026-04-20 16:08:41'),
(29, 1, 3, 5, 1.00, '2026-04-20 16:08:41', '2026-04-20 16:08:41'),
(30, 1, 3, 6, 1.00, '2026-04-20 16:08:41', '2026-04-20 16:08:41'),
(31, 1, 3, 7, 1.00, '2026-04-20 16:08:41', '2026-04-20 16:08:41'),
(32, 1, 3, 8, 1.00, '2026-04-20 16:08:41', '2026-04-20 16:08:41'),
(33, 1, 3, 9, 1.00, '2026-04-20 16:08:41', '2026-04-20 16:08:41'),
(34, 1, 3, 10, 1.00, '2026-04-20 16:08:41', '2026-04-20 16:08:41'),
(35, 1, 3, 11, 1.00, '2026-04-20 16:08:41', '2026-04-20 16:08:41'),
(36, 1, 3, 12, 1.00, '2026-04-20 16:08:41', '2026-04-20 16:08:41'),
(37, 1, 4, 1, 1.00, '2026-04-20 16:08:41', '2026-04-20 16:08:41'),
(38, 1, 4, 2, 1.00, '2026-04-20 16:08:41', '2026-04-20 16:08:41'),
(39, 1, 4, 3, 1.00, '2026-04-20 16:08:41', '2026-04-20 16:08:41'),
(40, 1, 4, 4, 1.00, '2026-04-20 16:08:41', '2026-04-20 16:08:41'),
(41, 1, 4, 5, 1.00, '2026-04-20 16:08:41', '2026-04-20 16:08:41'),
(42, 1, 4, 6, 1.00, '2026-04-20 16:08:41', '2026-04-20 16:08:41'),
(43, 1, 4, 7, 1.00, '2026-04-20 16:08:41', '2026-04-20 16:08:41'),
(44, 1, 4, 8, 1.00, '2026-04-20 16:08:41', '2026-04-20 16:08:41'),
(45, 1, 4, 9, 1.00, '2026-04-20 16:08:41', '2026-04-20 16:08:41'),
(46, 1, 4, 10, 1.00, '2026-04-20 16:08:41', '2026-04-20 16:08:41'),
(47, 1, 4, 11, 1.00, '2026-04-20 16:08:41', '2026-04-20 16:08:41'),
(48, 1, 4, 12, 1.00, '2026-04-20 16:08:41', '2026-04-20 16:08:41'),
(49, 1, 5, 1, 1.00, '2026-04-20 16:08:41', '2026-04-20 16:08:41'),
(50, 1, 5, 2, 1.00, '2026-04-20 16:08:41', '2026-04-20 16:08:41'),
(51, 1, 5, 3, 1.00, '2026-04-20 16:08:41', '2026-04-20 16:08:41'),
(52, 1, 5, 4, 1.00, '2026-04-20 16:08:41', '2026-04-20 16:08:41'),
(53, 1, 5, 5, 1.00, '2026-04-20 16:08:41', '2026-04-20 16:08:41'),
(54, 1, 5, 6, 1.00, '2026-04-20 16:08:41', '2026-04-20 16:08:41'),
(55, 1, 5, 7, 1.00, '2026-04-20 16:08:41', '2026-04-20 16:08:41'),
(56, 1, 5, 8, 1.00, '2026-04-20 16:08:41', '2026-04-20 16:08:41'),
(57, 1, 5, 9, 1.00, '2026-04-20 16:08:41', '2026-04-20 16:08:41'),
(58, 1, 5, 10, 1.00, '2026-04-20 16:08:41', '2026-04-20 16:08:41'),
(59, 1, 5, 11, 1.00, '2026-04-20 16:08:41', '2026-04-20 16:08:41'),
(60, 1, 5, 12, 1.00, '2026-04-20 16:08:41', '2026-04-20 16:08:41'),
(61, 1, 6, 1, 1.00, '2026-04-20 16:08:41', '2026-04-20 16:08:41'),
(62, 1, 6, 2, 1.00, '2026-04-20 16:08:41', '2026-04-20 16:08:41'),
(63, 1, 6, 3, 1.00, '2026-04-20 16:08:41', '2026-04-20 16:08:41'),
(64, 1, 6, 4, 1.00, '2026-04-20 16:08:41', '2026-04-20 16:08:41'),
(65, 1, 6, 5, 1.00, '2026-04-20 16:08:41', '2026-04-20 16:08:41'),
(66, 1, 6, 6, 1.00, '2026-04-20 16:08:41', '2026-04-20 16:08:41'),
(67, 1, 6, 7, 1.00, '2026-04-20 16:08:41', '2026-04-20 16:08:41'),
(68, 1, 6, 8, 1.00, '2026-04-20 16:08:41', '2026-04-20 16:08:41'),
(69, 1, 6, 9, 1.00, '2026-04-20 16:08:41', '2026-04-20 16:08:41'),
(70, 1, 6, 10, 1.00, '2026-04-20 16:08:41', '2026-04-20 16:08:41'),
(71, 1, 6, 11, 1.00, '2026-04-20 16:08:41', '2026-04-20 16:08:41'),
(72, 1, 6, 12, 1.00, '2026-04-20 16:08:41', '2026-04-20 16:08:41'),
(73, 1, 7, 1, 1.00, '2026-04-20 16:08:41', '2026-04-20 16:08:41'),
(74, 1, 7, 2, 1.00, '2026-04-20 16:08:41', '2026-04-20 16:08:41'),
(75, 1, 7, 3, 1.00, '2026-04-20 16:08:41', '2026-04-20 16:08:41'),
(76, 1, 7, 4, 1.00, '2026-04-20 16:08:41', '2026-04-20 16:08:41'),
(77, 1, 7, 5, 1.00, '2026-04-20 16:08:41', '2026-04-20 16:08:41'),
(78, 1, 7, 6, 1.00, '2026-04-20 16:08:41', '2026-04-20 16:08:41'),
(79, 1, 7, 7, 1.00, '2026-04-20 16:08:41', '2026-04-20 16:08:41'),
(80, 1, 7, 8, 1.00, '2026-04-20 16:08:41', '2026-04-20 16:08:41'),
(81, 1, 7, 9, 1.00, '2026-04-20 16:08:41', '2026-04-20 16:08:41'),
(82, 1, 7, 10, 1.00, '2026-04-20 16:08:41', '2026-04-20 16:08:41'),
(83, 1, 7, 11, 1.00, '2026-04-20 16:08:41', '2026-04-20 16:08:41'),
(84, 1, 7, 12, 1.00, '2026-04-20 16:08:41', '2026-04-20 16:08:41'),
(85, 1, 8, 1, 1.00, '2026-04-20 16:08:41', '2026-04-20 16:08:41'),
(86, 1, 8, 2, 1.00, '2026-04-20 16:08:41', '2026-04-20 16:08:41'),
(87, 1, 8, 3, 1.00, '2026-04-20 16:08:41', '2026-04-20 16:08:41'),
(88, 1, 8, 4, 1.00, '2026-04-20 16:08:41', '2026-04-20 16:08:41'),
(89, 1, 8, 5, 1.00, '2026-04-20 16:08:41', '2026-04-20 16:08:41'),
(90, 1, 8, 6, 1.00, '2026-04-20 16:08:41', '2026-04-20 16:08:41'),
(91, 1, 8, 7, 1.00, '2026-04-20 16:08:41', '2026-04-20 16:08:41'),
(92, 1, 8, 8, 1.00, '2026-04-20 16:08:41', '2026-04-20 16:08:41'),
(93, 1, 8, 9, 1.00, '2026-04-20 16:08:41', '2026-04-20 16:08:41'),
(94, 1, 8, 10, 1.00, '2026-04-20 16:08:41', '2026-04-20 16:08:41'),
(95, 1, 8, 11, 1.00, '2026-04-20 16:08:41', '2026-04-20 16:08:41'),
(96, 1, 8, 12, 1.00, '2026-04-20 16:08:41', '2026-04-20 16:08:41'),
(97, 1, 9, 1, 1.00, '2026-04-20 16:08:41', '2026-04-20 16:08:41'),
(98, 1, 9, 2, 1.00, '2026-04-20 16:08:41', '2026-04-20 16:08:41'),
(99, 1, 9, 3, 1.00, '2026-04-20 16:08:41', '2026-04-20 16:08:41'),
(100, 1, 9, 4, 1.00, '2026-04-20 16:08:41', '2026-04-20 16:08:41'),
(101, 1, 9, 5, 1.00, '2026-04-20 16:08:41', '2026-04-20 16:08:41'),
(102, 1, 9, 6, 1.00, '2026-04-20 16:08:41', '2026-04-20 16:08:41'),
(103, 1, 9, 7, 1.00, '2026-04-20 16:08:41', '2026-04-20 16:08:41'),
(104, 1, 9, 8, 1.00, '2026-04-20 16:08:41', '2026-04-20 16:08:41'),
(105, 1, 9, 9, 1.00, '2026-04-20 16:08:41', '2026-04-20 16:08:41'),
(106, 1, 9, 10, 1.00, '2026-04-20 16:08:41', '2026-04-20 16:08:41'),
(107, 1, 9, 11, 1.00, '2026-04-20 16:08:41', '2026-04-20 16:08:41'),
(108, 1, 9, 12, 1.00, '2026-04-20 16:08:41', '2026-04-20 16:08:41'),
(109, 1, 10, 1, 1.00, '2026-04-20 16:08:41', '2026-04-20 16:08:41'),
(110, 1, 10, 2, 1.00, '2026-04-20 16:08:41', '2026-04-20 16:08:41'),
(111, 1, 10, 3, 1.00, '2026-04-20 16:08:41', '2026-04-20 16:08:41'),
(112, 1, 10, 4, 1.00, '2026-04-20 16:08:41', '2026-04-20 16:08:41'),
(113, 1, 10, 5, 1.00, '2026-04-20 16:08:41', '2026-04-20 16:08:41'),
(114, 1, 10, 6, 1.00, '2026-04-20 16:08:41', '2026-04-20 16:08:41'),
(115, 1, 10, 7, 1.00, '2026-04-20 16:08:41', '2026-04-20 16:08:41'),
(116, 1, 10, 8, 1.00, '2026-04-20 16:08:41', '2026-04-20 16:08:41'),
(117, 1, 10, 9, 1.00, '2026-04-20 16:08:41', '2026-04-20 16:08:41'),
(118, 1, 10, 10, 1.00, '2026-04-20 16:08:41', '2026-04-20 16:08:41'),
(119, 1, 10, 11, 1.00, '2026-04-20 16:08:41', '2026-04-20 16:08:41'),
(120, 1, 10, 12, 1.00, '2026-04-20 16:08:41', '2026-04-20 16:08:41'),
(121, 2, 1, 1, 1.00, '2026-04-20 16:08:41', '2026-04-20 16:08:41'),
(122, 2, 1, 2, 1.00, '2026-04-20 16:08:41', '2026-04-20 16:08:41'),
(123, 2, 1, 3, 1.00, '2026-04-20 16:08:41', '2026-04-20 16:08:41'),
(124, 2, 1, 4, 1.00, '2026-04-20 16:08:41', '2026-04-20 16:08:41'),
(125, 2, 1, 5, 1.00, '2026-04-20 16:08:41', '2026-04-20 16:08:41'),
(126, 2, 1, 6, 1.00, '2026-04-20 16:08:41', '2026-04-20 16:08:41'),
(127, 2, 1, 7, 1.00, '2026-04-20 16:08:41', '2026-04-20 16:08:41'),
(128, 2, 1, 8, 1.00, '2026-04-20 16:08:41', '2026-04-20 16:08:41'),
(129, 2, 1, 9, 1.00, '2026-04-20 16:08:41', '2026-04-20 16:08:41'),
(130, 2, 1, 10, 1.00, '2026-04-20 16:08:41', '2026-04-20 16:08:41'),
(131, 2, 2, 1, 1.00, '2026-04-20 16:08:41', '2026-04-20 16:08:41'),
(132, 2, 2, 2, 1.00, '2026-04-20 16:08:41', '2026-04-20 16:08:41'),
(133, 2, 2, 3, 1.00, '2026-04-20 16:08:41', '2026-04-20 16:08:41'),
(134, 2, 2, 4, 1.00, '2026-04-20 16:08:41', '2026-04-20 16:08:41'),
(135, 2, 2, 5, 1.00, '2026-04-20 16:08:41', '2026-04-20 16:08:41'),
(136, 2, 2, 6, 1.00, '2026-04-20 16:08:41', '2026-04-20 16:08:41'),
(137, 2, 2, 7, 1.00, '2026-04-20 16:08:41', '2026-04-20 16:08:41'),
(138, 2, 2, 8, 1.00, '2026-04-20 16:08:41', '2026-04-20 16:08:41'),
(139, 2, 2, 9, 1.00, '2026-04-20 16:08:41', '2026-04-20 16:08:41'),
(140, 2, 2, 10, 1.00, '2026-04-20 16:08:41', '2026-04-20 16:08:41'),
(141, 2, 3, 1, 1.00, '2026-04-20 16:08:41', '2026-04-20 16:08:41'),
(142, 2, 3, 2, 1.00, '2026-04-20 16:08:41', '2026-04-20 16:08:41'),
(143, 2, 3, 3, 1.00, '2026-04-20 16:08:41', '2026-04-20 16:08:41'),
(144, 2, 3, 4, 1.00, '2026-04-20 16:08:41', '2026-04-20 16:08:41'),
(145, 2, 3, 5, 1.00, '2026-04-20 16:08:41', '2026-04-20 16:08:41'),
(146, 2, 3, 6, 1.00, '2026-04-20 16:08:41', '2026-04-20 16:08:41'),
(147, 2, 3, 7, 1.00, '2026-04-20 16:08:41', '2026-04-20 16:08:41'),
(148, 2, 3, 8, 1.00, '2026-04-20 16:08:41', '2026-04-20 16:08:41'),
(149, 2, 3, 9, 1.00, '2026-04-20 16:08:41', '2026-04-20 16:08:41'),
(150, 2, 3, 10, 1.00, '2026-04-20 16:08:41', '2026-04-20 16:08:41'),
(151, 2, 4, 1, 1.00, '2026-04-20 16:08:41', '2026-04-20 16:08:41'),
(152, 2, 4, 2, 1.00, '2026-04-20 16:08:41', '2026-04-20 16:08:41'),
(153, 2, 4, 3, 1.00, '2026-04-20 16:08:41', '2026-04-20 16:08:41'),
(154, 2, 4, 4, 1.00, '2026-04-20 16:08:41', '2026-04-20 16:08:41'),
(155, 2, 4, 5, 1.00, '2026-04-20 16:08:41', '2026-04-20 16:08:41'),
(156, 2, 4, 6, 1.00, '2026-04-20 16:08:41', '2026-04-20 16:08:41'),
(157, 2, 4, 7, 1.00, '2026-04-20 16:08:41', '2026-04-20 16:08:41'),
(158, 2, 4, 8, 1.00, '2026-04-20 16:08:41', '2026-04-20 16:08:41'),
(159, 2, 4, 9, 1.00, '2026-04-20 16:08:41', '2026-04-20 16:08:41'),
(160, 2, 4, 10, 1.00, '2026-04-20 16:08:41', '2026-04-20 16:08:41'),
(161, 2, 5, 1, 1.00, '2026-04-20 16:08:41', '2026-04-20 16:08:41'),
(162, 2, 5, 2, 1.00, '2026-04-20 16:08:41', '2026-04-20 16:08:41'),
(163, 2, 5, 3, 1.00, '2026-04-20 16:08:41', '2026-04-20 16:08:41'),
(164, 2, 5, 4, 1.00, '2026-04-20 16:08:41', '2026-04-20 16:08:41'),
(165, 2, 5, 5, 1.00, '2026-04-20 16:08:41', '2026-04-20 16:08:41'),
(166, 2, 5, 6, 1.00, '2026-04-20 16:08:41', '2026-04-20 16:08:41'),
(167, 2, 5, 7, 1.00, '2026-04-20 16:08:41', '2026-04-20 16:08:41'),
(168, 2, 5, 8, 1.00, '2026-04-20 16:08:41', '2026-04-20 16:08:41'),
(169, 2, 5, 9, 1.00, '2026-04-20 16:08:41', '2026-04-20 16:08:41'),
(170, 2, 5, 10, 1.00, '2026-04-20 16:08:41', '2026-04-20 16:08:41'),
(171, 2, 6, 1, 1.00, '2026-04-20 16:08:41', '2026-04-20 16:08:41'),
(172, 2, 6, 2, 1.00, '2026-04-20 16:08:41', '2026-04-20 16:08:41'),
(173, 2, 6, 3, 1.00, '2026-04-20 16:08:41', '2026-04-20 16:08:41'),
(174, 2, 6, 4, 1.00, '2026-04-20 16:08:41', '2026-04-20 16:08:41'),
(175, 2, 6, 5, 1.00, '2026-04-20 16:08:41', '2026-04-20 16:08:41'),
(176, 2, 6, 6, 1.00, '2026-04-20 16:08:41', '2026-04-20 16:08:41'),
(177, 2, 6, 7, 1.00, '2026-04-20 16:08:41', '2026-04-20 16:08:41'),
(178, 2, 6, 8, 1.00, '2026-04-20 16:08:41', '2026-04-20 16:08:41'),
(179, 2, 6, 9, 1.00, '2026-04-20 16:08:41', '2026-04-20 16:08:41'),
(180, 2, 6, 10, 1.00, '2026-04-20 16:08:41', '2026-04-20 16:08:41'),
(181, 2, 7, 1, 1.00, '2026-04-20 16:08:41', '2026-04-20 16:08:41'),
(182, 2, 7, 2, 1.00, '2026-04-20 16:08:41', '2026-04-20 16:08:41'),
(183, 2, 7, 3, 1.00, '2026-04-20 16:08:41', '2026-04-20 16:08:41'),
(184, 2, 7, 4, 1.00, '2026-04-20 16:08:41', '2026-04-20 16:08:41'),
(185, 2, 7, 5, 1.00, '2026-04-20 16:08:41', '2026-04-20 16:08:41'),
(186, 2, 7, 6, 1.00, '2026-04-20 16:08:41', '2026-04-20 16:08:41'),
(187, 2, 7, 7, 1.00, '2026-04-20 16:08:41', '2026-04-20 16:08:41'),
(188, 2, 7, 8, 1.00, '2026-04-20 16:08:41', '2026-04-20 16:08:41'),
(189, 2, 7, 9, 1.00, '2026-04-20 16:08:41', '2026-04-20 16:08:41'),
(190, 2, 7, 10, 1.00, '2026-04-20 16:08:41', '2026-04-20 16:08:41'),
(191, 2, 8, 1, 1.00, '2026-04-20 16:08:41', '2026-04-20 16:08:41'),
(192, 2, 8, 2, 1.00, '2026-04-20 16:08:41', '2026-04-20 16:08:41'),
(193, 2, 8, 3, 1.00, '2026-04-20 16:08:41', '2026-04-20 16:08:41'),
(194, 2, 8, 4, 1.00, '2026-04-20 16:08:41', '2026-04-20 16:08:41'),
(195, 2, 8, 5, 1.00, '2026-04-20 16:08:41', '2026-04-20 16:08:41'),
(196, 2, 8, 6, 1.00, '2026-04-20 16:08:41', '2026-04-20 16:08:41'),
(197, 2, 8, 7, 1.00, '2026-04-20 16:08:41', '2026-04-20 16:08:41'),
(198, 2, 8, 8, 1.00, '2026-04-20 16:08:41', '2026-04-20 16:08:41'),
(199, 2, 8, 9, 1.00, '2026-04-20 16:08:41', '2026-04-20 16:08:41'),
(200, 2, 8, 10, 1.00, '2026-04-20 16:08:41', '2026-04-20 16:08:41'),
(201, 3, 1, 1, 1.00, '2026-04-20 16:08:41', '2026-04-20 16:08:41'),
(202, 3, 1, 2, 1.00, '2026-04-20 16:08:41', '2026-04-20 16:08:41'),
(203, 3, 1, 3, 1.00, '2026-04-20 16:08:41', '2026-04-20 16:08:41'),
(204, 3, 1, 4, 1.00, '2026-04-20 16:08:41', '2026-04-20 16:08:41'),
(205, 3, 1, 5, 1.00, '2026-04-20 16:08:41', '2026-04-20 16:08:41'),
(206, 3, 1, 6, 1.00, '2026-04-20 16:08:41', '2026-04-20 16:08:41'),
(207, 3, 1, 7, 1.00, '2026-04-20 16:08:41', '2026-04-20 16:08:41'),
(208, 3, 1, 8, 1.00, '2026-04-20 16:08:41', '2026-04-20 16:08:41'),
(209, 3, 1, 9, 1.00, '2026-04-20 16:08:41', '2026-04-20 16:08:41'),
(210, 3, 1, 10, 1.00, '2026-04-20 16:08:41', '2026-04-20 16:08:41'),
(211, 3, 1, 11, 1.00, '2026-04-20 16:08:41', '2026-04-20 16:08:41'),
(212, 3, 1, 12, 1.00, '2026-04-20 16:08:41', '2026-04-20 16:08:41'),
(213, 3, 1, 13, 1.00, '2026-04-20 16:08:41', '2026-04-20 16:08:41'),
(214, 3, 1, 14, 1.00, '2026-04-20 16:08:41', '2026-04-20 16:08:41'),
(215, 3, 2, 1, 1.00, '2026-04-20 16:08:41', '2026-04-20 16:08:41'),
(216, 3, 2, 2, 1.00, '2026-04-20 16:08:41', '2026-04-20 16:08:41'),
(217, 3, 2, 3, 1.00, '2026-04-20 16:08:41', '2026-04-20 16:08:41'),
(218, 3, 2, 4, 1.00, '2026-04-20 16:08:41', '2026-04-20 16:08:41'),
(219, 3, 2, 5, 1.00, '2026-04-20 16:08:41', '2026-04-20 16:08:41'),
(220, 3, 2, 6, 1.00, '2026-04-20 16:08:41', '2026-04-20 16:08:41'),
(221, 3, 2, 7, 1.00, '2026-04-20 16:08:41', '2026-04-20 16:08:41'),
(222, 3, 2, 8, 1.00, '2026-04-20 16:08:41', '2026-04-20 16:08:41'),
(223, 3, 2, 9, 1.00, '2026-04-20 16:08:41', '2026-04-20 16:08:41'),
(224, 3, 2, 10, 1.00, '2026-04-20 16:08:41', '2026-04-20 16:08:41'),
(225, 3, 2, 11, 1.00, '2026-04-20 16:08:41', '2026-04-20 16:08:41'),
(226, 3, 2, 12, 1.00, '2026-04-20 16:08:41', '2026-04-20 16:08:41'),
(227, 3, 2, 13, 1.00, '2026-04-20 16:08:41', '2026-04-20 16:08:41'),
(228, 3, 2, 14, 1.00, '2026-04-20 16:08:41', '2026-04-20 16:08:41'),
(229, 3, 3, 1, 1.00, '2026-04-20 16:08:41', '2026-04-20 16:08:41'),
(230, 3, 3, 2, 1.00, '2026-04-20 16:08:41', '2026-04-20 16:08:41'),
(231, 3, 3, 3, 1.00, '2026-04-20 16:08:41', '2026-04-20 16:08:41'),
(232, 3, 3, 4, 1.00, '2026-04-20 16:08:41', '2026-04-20 16:08:41'),
(233, 3, 3, 5, 1.00, '2026-04-20 16:08:41', '2026-04-20 16:08:41'),
(234, 3, 3, 6, 1.00, '2026-04-20 16:08:41', '2026-04-20 16:08:41'),
(235, 3, 3, 7, 1.00, '2026-04-20 16:08:41', '2026-04-20 16:08:41'),
(236, 3, 3, 8, 1.00, '2026-04-20 16:08:41', '2026-04-20 16:08:41'),
(237, 3, 3, 9, 1.00, '2026-04-20 16:08:41', '2026-04-20 16:08:41'),
(238, 3, 3, 10, 1.00, '2026-04-20 16:08:41', '2026-04-20 16:08:41'),
(239, 3, 3, 11, 1.00, '2026-04-20 16:08:41', '2026-04-20 16:08:41'),
(240, 3, 3, 12, 1.00, '2026-04-20 16:08:41', '2026-04-20 16:08:41'),
(241, 3, 3, 13, 1.00, '2026-04-20 16:08:41', '2026-04-20 16:08:41'),
(242, 3, 3, 14, 1.00, '2026-04-20 16:08:41', '2026-04-20 16:08:41'),
(243, 3, 4, 1, 1.00, '2026-04-20 16:08:41', '2026-04-20 16:08:41'),
(244, 3, 4, 2, 1.00, '2026-04-20 16:08:41', '2026-04-20 16:08:41'),
(245, 3, 4, 3, 1.00, '2026-04-20 16:08:41', '2026-04-20 16:08:41'),
(246, 3, 4, 4, 1.00, '2026-04-20 16:08:41', '2026-04-20 16:08:41'),
(247, 3, 4, 5, 1.00, '2026-04-20 16:08:41', '2026-04-20 16:08:41'),
(248, 3, 4, 6, 1.00, '2026-04-20 16:08:41', '2026-04-20 16:08:41'),
(249, 3, 4, 7, 1.00, '2026-04-20 16:08:41', '2026-04-20 16:08:41'),
(250, 3, 4, 8, 1.00, '2026-04-20 16:08:41', '2026-04-20 16:08:41'),
(251, 3, 4, 9, 1.00, '2026-04-20 16:08:41', '2026-04-20 16:08:41'),
(252, 3, 4, 10, 1.00, '2026-04-20 16:08:41', '2026-04-20 16:08:41'),
(253, 3, 4, 11, 1.00, '2026-04-20 16:08:41', '2026-04-20 16:08:41'),
(254, 3, 4, 12, 1.00, '2026-04-20 16:08:41', '2026-04-20 16:08:41'),
(255, 3, 4, 13, 1.00, '2026-04-20 16:08:41', '2026-04-20 16:08:41'),
(256, 3, 4, 14, 1.00, '2026-04-20 16:08:41', '2026-04-20 16:08:41'),
(257, 3, 5, 1, 1.00, '2026-04-20 16:08:41', '2026-04-20 16:08:41'),
(258, 3, 5, 2, 1.00, '2026-04-20 16:08:41', '2026-04-20 16:08:41'),
(259, 3, 5, 3, 1.00, '2026-04-20 16:08:41', '2026-04-20 16:08:41'),
(260, 3, 5, 4, 1.00, '2026-04-20 16:08:41', '2026-04-20 16:08:41'),
(261, 3, 5, 5, 1.00, '2026-04-20 16:08:41', '2026-04-20 16:08:41'),
(262, 3, 5, 6, 1.00, '2026-04-20 16:08:41', '2026-04-20 16:08:41'),
(263, 3, 5, 7, 1.00, '2026-04-20 16:08:41', '2026-04-20 16:08:41'),
(264, 3, 5, 8, 1.00, '2026-04-20 16:08:41', '2026-04-20 16:08:41'),
(265, 3, 5, 9, 1.00, '2026-04-20 16:08:41', '2026-04-20 16:08:41'),
(266, 3, 5, 10, 1.00, '2026-04-20 16:08:41', '2026-04-20 16:08:41'),
(267, 3, 5, 11, 1.00, '2026-04-20 16:08:41', '2026-04-20 16:08:41'),
(268, 3, 5, 12, 1.00, '2026-04-20 16:08:41', '2026-04-20 16:08:41'),
(269, 3, 5, 13, 1.00, '2026-04-20 16:08:41', '2026-04-20 16:08:41'),
(270, 3, 5, 14, 1.00, '2026-04-20 16:08:41', '2026-04-20 16:08:41'),
(271, 3, 6, 1, 1.00, '2026-04-20 16:08:41', '2026-04-20 16:08:41'),
(272, 3, 6, 2, 1.00, '2026-04-20 16:08:41', '2026-04-20 16:08:41'),
(273, 3, 6, 3, 1.00, '2026-04-20 16:08:41', '2026-04-20 16:08:41'),
(274, 3, 6, 4, 1.00, '2026-04-20 16:08:41', '2026-04-20 16:08:41'),
(275, 3, 6, 5, 1.00, '2026-04-20 16:08:41', '2026-04-20 16:08:41'),
(276, 3, 6, 6, 1.00, '2026-04-20 16:08:41', '2026-04-20 16:08:41'),
(277, 3, 6, 7, 1.00, '2026-04-20 16:08:41', '2026-04-20 16:08:41'),
(278, 3, 6, 8, 1.00, '2026-04-20 16:08:41', '2026-04-20 16:08:41'),
(279, 3, 6, 9, 1.00, '2026-04-20 16:08:41', '2026-04-20 16:08:41'),
(280, 3, 6, 10, 1.00, '2026-04-20 16:08:41', '2026-04-20 16:08:41'),
(281, 3, 6, 11, 1.00, '2026-04-20 16:08:41', '2026-04-20 16:08:41'),
(282, 3, 6, 12, 1.00, '2026-04-20 16:08:41', '2026-04-20 16:08:41'),
(283, 3, 6, 13, 1.00, '2026-04-20 16:08:41', '2026-04-20 16:08:41'),
(284, 3, 6, 14, 1.00, '2026-04-20 16:08:41', '2026-04-20 16:08:41'),
(285, 3, 7, 1, 1.00, '2026-04-20 16:08:41', '2026-04-20 16:08:41'),
(286, 3, 7, 2, 1.00, '2026-04-20 16:08:41', '2026-04-20 16:08:41'),
(287, 3, 7, 3, 1.00, '2026-04-20 16:08:41', '2026-04-20 16:08:41'),
(288, 3, 7, 4, 1.00, '2026-04-20 16:08:41', '2026-04-20 16:08:41'),
(289, 3, 7, 5, 1.00, '2026-04-20 16:08:41', '2026-04-20 16:08:41'),
(290, 3, 7, 6, 1.00, '2026-04-20 16:08:41', '2026-04-20 16:08:41'),
(291, 3, 7, 7, 1.00, '2026-04-20 16:08:41', '2026-04-20 16:08:41'),
(292, 3, 7, 8, 1.00, '2026-04-20 16:08:41', '2026-04-20 16:08:41'),
(293, 3, 7, 9, 1.00, '2026-04-20 16:08:41', '2026-04-20 16:08:41'),
(294, 3, 7, 10, 1.00, '2026-04-20 16:08:41', '2026-04-20 16:08:41'),
(295, 3, 7, 11, 1.00, '2026-04-20 16:08:41', '2026-04-20 16:08:41'),
(296, 3, 7, 12, 1.00, '2026-04-20 16:08:41', '2026-04-20 16:08:41'),
(297, 3, 7, 13, 1.00, '2026-04-20 16:08:41', '2026-04-20 16:08:41'),
(298, 3, 7, 14, 1.00, '2026-04-20 16:08:41', '2026-04-20 16:08:41'),
(299, 3, 8, 1, 1.00, '2026-04-20 16:08:41', '2026-04-20 16:08:41'),
(300, 3, 8, 2, 1.00, '2026-04-20 16:08:41', '2026-04-20 16:08:41'),
(301, 3, 8, 3, 1.00, '2026-04-20 16:08:41', '2026-04-20 16:08:41'),
(302, 3, 8, 4, 1.00, '2026-04-20 16:08:41', '2026-04-20 16:08:41'),
(303, 3, 8, 5, 1.00, '2026-04-20 16:08:41', '2026-04-20 16:08:41'),
(304, 3, 8, 6, 1.00, '2026-04-20 16:08:41', '2026-04-20 16:08:41'),
(305, 3, 8, 7, 1.00, '2026-04-20 16:08:41', '2026-04-20 16:08:41'),
(306, 3, 8, 8, 1.00, '2026-04-20 16:08:41', '2026-04-20 16:08:41'),
(307, 3, 8, 9, 1.00, '2026-04-20 16:08:41', '2026-04-20 16:08:41'),
(308, 3, 8, 10, 1.00, '2026-04-20 16:08:41', '2026-04-20 16:08:41'),
(309, 3, 8, 11, 1.00, '2026-04-20 16:08:41', '2026-04-20 16:08:41'),
(310, 3, 8, 12, 1.00, '2026-04-20 16:08:41', '2026-04-20 16:08:41'),
(311, 3, 8, 13, 1.00, '2026-04-20 16:08:41', '2026-04-20 16:08:41'),
(312, 3, 8, 14, 1.00, '2026-04-20 16:08:41', '2026-04-20 16:08:41'),
(313, 3, 9, 1, 1.00, '2026-04-20 16:08:41', '2026-04-20 16:08:41'),
(314, 3, 9, 2, 1.00, '2026-04-20 16:08:41', '2026-04-20 16:08:41'),
(315, 3, 9, 3, 1.00, '2026-04-20 16:08:41', '2026-04-20 16:08:41'),
(316, 3, 9, 4, 1.00, '2026-04-20 16:08:41', '2026-04-20 16:08:41'),
(317, 3, 9, 5, 1.00, '2026-04-20 16:08:41', '2026-04-20 16:08:41'),
(318, 3, 9, 6, 1.00, '2026-04-20 16:08:41', '2026-04-20 16:08:41'),
(319, 3, 9, 7, 1.00, '2026-04-20 16:08:41', '2026-04-20 16:08:41'),
(320, 3, 9, 8, 1.00, '2026-04-20 16:08:41', '2026-04-20 16:08:41'),
(321, 3, 9, 9, 1.00, '2026-04-20 16:08:41', '2026-04-20 16:08:41'),
(322, 3, 9, 10, 1.00, '2026-04-20 16:08:41', '2026-04-20 16:08:41'),
(323, 3, 9, 11, 1.00, '2026-04-20 16:08:41', '2026-04-20 16:08:41'),
(324, 3, 9, 12, 1.00, '2026-04-20 16:08:41', '2026-04-20 16:08:41'),
(325, 3, 9, 13, 1.00, '2026-04-20 16:08:41', '2026-04-20 16:08:41'),
(326, 3, 9, 14, 1.00, '2026-04-20 16:08:41', '2026-04-20 16:08:41'),
(327, 3, 10, 1, 1.00, '2026-04-20 16:08:41', '2026-04-20 16:08:41'),
(328, 3, 10, 2, 1.00, '2026-04-20 16:08:41', '2026-04-20 16:08:41'),
(329, 3, 10, 3, 1.00, '2026-04-20 16:08:41', '2026-04-20 16:08:41'),
(330, 3, 10, 4, 1.00, '2026-04-20 16:08:41', '2026-04-20 16:08:41'),
(331, 3, 10, 5, 1.00, '2026-04-20 16:08:41', '2026-04-20 16:08:41'),
(332, 3, 10, 6, 1.00, '2026-04-20 16:08:41', '2026-04-20 16:08:41'),
(333, 3, 10, 7, 1.00, '2026-04-20 16:08:41', '2026-04-20 16:08:41'),
(334, 3, 10, 8, 1.00, '2026-04-20 16:08:41', '2026-04-20 16:08:41'),
(335, 3, 10, 9, 1.00, '2026-04-20 16:08:41', '2026-04-20 16:08:41'),
(336, 3, 10, 10, 1.00, '2026-04-20 16:08:41', '2026-04-20 16:08:41'),
(337, 3, 10, 11, 1.00, '2026-04-20 16:08:41', '2026-04-20 16:08:41'),
(338, 3, 10, 12, 1.00, '2026-04-20 16:08:41', '2026-04-20 16:08:41'),
(339, 3, 10, 13, 1.00, '2026-04-20 16:08:41', '2026-04-20 16:08:41'),
(340, 3, 10, 14, 1.00, '2026-04-20 16:08:41', '2026-04-20 16:08:41'),
(341, 3, 11, 1, 1.00, '2026-04-20 16:08:41', '2026-04-20 16:08:41'),
(342, 3, 11, 2, 1.00, '2026-04-20 16:08:41', '2026-04-20 16:08:41'),
(343, 3, 11, 3, 1.00, '2026-04-20 16:08:41', '2026-04-20 16:08:41'),
(344, 3, 11, 4, 1.00, '2026-04-20 16:08:41', '2026-04-20 16:08:41'),
(345, 3, 11, 5, 1.00, '2026-04-20 16:08:41', '2026-04-20 16:08:41'),
(346, 3, 11, 6, 1.00, '2026-04-20 16:08:41', '2026-04-20 16:08:41'),
(347, 3, 11, 7, 1.00, '2026-04-20 16:08:41', '2026-04-20 16:08:41'),
(348, 3, 11, 8, 1.00, '2026-04-20 16:08:41', '2026-04-20 16:08:41'),
(349, 3, 11, 9, 1.00, '2026-04-20 16:08:41', '2026-04-20 16:08:41'),
(350, 3, 11, 10, 1.00, '2026-04-20 16:08:41', '2026-04-20 16:08:41'),
(351, 3, 11, 11, 1.00, '2026-04-20 16:08:41', '2026-04-20 16:08:41'),
(352, 3, 11, 12, 1.00, '2026-04-20 16:08:41', '2026-04-20 16:08:41'),
(353, 3, 11, 13, 1.00, '2026-04-20 16:08:41', '2026-04-20 16:08:41'),
(354, 3, 11, 14, 1.00, '2026-04-20 16:08:41', '2026-04-20 16:08:41'),
(355, 3, 12, 1, 1.00, '2026-04-20 16:08:41', '2026-04-20 16:08:41'),
(356, 3, 12, 2, 1.00, '2026-04-20 16:08:41', '2026-04-20 16:08:41'),
(357, 3, 12, 3, 1.00, '2026-04-20 16:08:41', '2026-04-20 16:08:41'),
(358, 3, 12, 4, 1.00, '2026-04-20 16:08:41', '2026-04-20 16:08:41'),
(359, 3, 12, 5, 1.00, '2026-04-20 16:08:41', '2026-04-20 16:08:41'),
(360, 3, 12, 6, 1.00, '2026-04-20 16:08:41', '2026-04-20 16:08:41'),
(361, 3, 12, 7, 1.00, '2026-04-20 16:08:41', '2026-04-20 16:08:41'),
(362, 3, 12, 8, 1.00, '2026-04-20 16:08:41', '2026-04-20 16:08:41'),
(363, 3, 12, 9, 1.00, '2026-04-20 16:08:41', '2026-04-20 16:08:41'),
(364, 3, 12, 10, 1.00, '2026-04-20 16:08:41', '2026-04-20 16:08:41'),
(365, 3, 12, 11, 1.00, '2026-04-20 16:08:41', '2026-04-20 16:08:41'),
(366, 3, 12, 12, 1.00, '2026-04-20 16:08:41', '2026-04-20 16:08:41'),
(367, 3, 12, 13, 1.00, '2026-04-20 16:08:41', '2026-04-20 16:08:41'),
(368, 3, 12, 14, 1.00, '2026-04-20 16:08:41', '2026-04-20 16:08:41'),
(369, 4, 1, 1, 1.00, '2026-04-20 16:08:41', '2026-04-20 16:08:41'),
(370, 4, 1, 2, 1.00, '2026-04-20 16:08:41', '2026-04-20 16:08:41'),
(371, 4, 1, 3, 1.00, '2026-04-20 16:08:41', '2026-04-20 16:08:41'),
(372, 4, 1, 4, 1.00, '2026-04-20 16:08:41', '2026-04-20 16:08:41'),
(373, 4, 1, 5, 1.00, '2026-04-20 16:08:41', '2026-04-20 16:08:41'),
(374, 4, 1, 6, 1.00, '2026-04-20 16:08:41', '2026-04-20 16:08:41'),
(375, 4, 1, 7, 1.00, '2026-04-20 16:08:41', '2026-04-20 16:08:41'),
(376, 4, 1, 8, 1.00, '2026-04-20 16:08:41', '2026-04-20 16:08:41'),
(377, 4, 1, 9, 1.00, '2026-04-20 16:08:41', '2026-04-20 16:08:41'),
(378, 4, 1, 10, 1.00, '2026-04-20 16:08:41', '2026-04-20 16:08:41'),
(379, 4, 2, 1, 1.00, '2026-04-20 16:08:41', '2026-04-20 16:08:41'),
(380, 4, 2, 2, 1.00, '2026-04-20 16:08:41', '2026-04-20 16:08:41'),
(381, 4, 2, 3, 1.00, '2026-04-20 16:08:41', '2026-04-20 16:08:41'),
(382, 4, 2, 4, 1.00, '2026-04-20 16:08:41', '2026-04-20 16:08:41'),
(383, 4, 2, 5, 1.00, '2026-04-20 16:08:41', '2026-04-20 16:08:41'),
(384, 4, 2, 6, 1.00, '2026-04-20 16:08:41', '2026-04-20 16:08:41'),
(385, 4, 2, 7, 1.00, '2026-04-20 16:08:41', '2026-04-20 16:08:41'),
(386, 4, 2, 8, 1.00, '2026-04-20 16:08:41', '2026-04-20 16:08:41'),
(387, 4, 2, 9, 1.00, '2026-04-20 16:08:41', '2026-04-20 16:08:41'),
(388, 4, 2, 10, 1.00, '2026-04-20 16:08:41', '2026-04-20 16:08:41'),
(389, 4, 3, 1, 1.00, '2026-04-20 16:08:41', '2026-04-20 16:08:41'),
(390, 4, 3, 2, 1.00, '2026-04-20 16:08:41', '2026-04-20 16:08:41'),
(391, 4, 3, 3, 1.00, '2026-04-20 16:08:41', '2026-04-20 16:08:41'),
(392, 4, 3, 4, 1.00, '2026-04-20 16:08:41', '2026-04-20 16:08:41'),
(393, 4, 3, 5, 1.00, '2026-04-20 16:08:41', '2026-04-20 16:08:41'),
(394, 4, 3, 6, 1.00, '2026-04-20 16:08:41', '2026-04-20 16:08:41'),
(395, 4, 3, 7, 1.00, '2026-04-20 16:08:41', '2026-04-20 16:08:41'),
(396, 4, 3, 8, 1.00, '2026-04-20 16:08:41', '2026-04-20 16:08:41'),
(397, 4, 3, 9, 1.00, '2026-04-20 16:08:41', '2026-04-20 16:08:41'),
(398, 4, 3, 10, 1.00, '2026-04-20 16:08:41', '2026-04-20 16:08:41'),
(399, 4, 4, 1, 1.00, '2026-04-20 16:08:41', '2026-04-20 16:08:41'),
(400, 4, 4, 2, 1.00, '2026-04-20 16:08:41', '2026-04-20 16:08:41'),
(401, 4, 4, 3, 1.00, '2026-04-20 16:08:41', '2026-04-20 16:08:41'),
(402, 4, 4, 4, 1.00, '2026-04-20 16:08:41', '2026-04-20 16:08:41'),
(403, 4, 4, 5, 1.00, '2026-04-20 16:08:41', '2026-04-20 16:08:41'),
(404, 4, 4, 6, 1.00, '2026-04-20 16:08:41', '2026-04-20 16:08:41'),
(405, 4, 4, 7, 1.00, '2026-04-20 16:08:41', '2026-04-20 16:08:41'),
(406, 4, 4, 8, 1.00, '2026-04-20 16:08:41', '2026-04-20 16:08:41'),
(407, 4, 4, 9, 1.00, '2026-04-20 16:08:41', '2026-04-20 16:08:41'),
(408, 4, 4, 10, 1.00, '2026-04-20 16:08:41', '2026-04-20 16:08:41'),
(409, 4, 5, 1, 1.00, '2026-04-20 16:08:41', '2026-04-20 16:08:41'),
(410, 4, 5, 2, 1.00, '2026-04-20 16:08:41', '2026-04-20 16:08:41'),
(411, 4, 5, 3, 1.00, '2026-04-20 16:08:41', '2026-04-20 16:08:41'),
(412, 4, 5, 4, 1.00, '2026-04-20 16:08:41', '2026-04-20 16:08:41'),
(413, 4, 5, 5, 1.00, '2026-04-20 16:08:41', '2026-04-20 16:08:41'),
(414, 4, 5, 6, 1.00, '2026-04-20 16:08:41', '2026-04-20 16:08:41'),
(415, 4, 5, 7, 1.00, '2026-04-20 16:08:41', '2026-04-20 16:08:41'),
(416, 4, 5, 8, 1.00, '2026-04-20 16:08:41', '2026-04-20 16:08:41'),
(417, 4, 5, 9, 1.00, '2026-04-20 16:08:41', '2026-04-20 16:08:41'),
(418, 4, 5, 10, 1.00, '2026-04-20 16:08:41', '2026-04-20 16:08:41'),
(419, 4, 6, 1, 1.00, '2026-04-20 16:08:41', '2026-04-20 16:08:41'),
(420, 4, 6, 2, 1.00, '2026-04-20 16:08:41', '2026-04-20 16:08:41'),
(421, 4, 6, 3, 1.00, '2026-04-20 16:08:41', '2026-04-20 16:08:41'),
(422, 4, 6, 4, 1.00, '2026-04-20 16:08:41', '2026-04-20 16:08:41'),
(423, 4, 6, 5, 1.00, '2026-04-20 16:08:41', '2026-04-20 16:08:41'),
(424, 4, 6, 6, 1.00, '2026-04-20 16:08:41', '2026-04-20 16:08:41'),
(425, 4, 6, 7, 1.00, '2026-04-20 16:08:41', '2026-04-20 16:08:41'),
(426, 4, 6, 8, 1.00, '2026-04-20 16:08:41', '2026-04-20 16:08:41'),
(427, 4, 6, 9, 1.00, '2026-04-20 16:08:41', '2026-04-20 16:08:41'),
(428, 4, 6, 10, 1.00, '2026-04-20 16:08:41', '2026-04-20 16:08:41'),
(429, 4, 7, 1, 1.00, '2026-04-20 16:08:41', '2026-04-20 16:08:41'),
(430, 4, 7, 2, 1.00, '2026-04-20 16:08:41', '2026-04-20 16:08:41'),
(431, 4, 7, 3, 1.00, '2026-04-20 16:08:41', '2026-04-20 16:08:41'),
(432, 4, 7, 4, 1.00, '2026-04-20 16:08:41', '2026-04-20 16:08:41'),
(433, 4, 7, 5, 1.00, '2026-04-20 16:08:41', '2026-04-20 16:08:41'),
(434, 4, 7, 6, 1.00, '2026-04-20 16:08:41', '2026-04-20 16:08:41'),
(435, 4, 7, 7, 1.00, '2026-04-20 16:08:41', '2026-04-20 16:08:41'),
(436, 4, 7, 8, 1.00, '2026-04-20 16:08:41', '2026-04-20 16:08:41'),
(437, 4, 7, 9, 1.00, '2026-04-20 16:08:41', '2026-04-20 16:08:41'),
(438, 4, 7, 10, 1.00, '2026-04-20 16:08:41', '2026-04-20 16:08:41'),
(439, 4, 8, 1, 1.00, '2026-04-20 16:08:41', '2026-04-20 16:08:41'),
(440, 4, 8, 2, 1.00, '2026-04-20 16:08:41', '2026-04-20 16:08:41'),
(441, 4, 8, 3, 1.00, '2026-04-20 16:08:41', '2026-04-20 16:08:41'),
(442, 4, 8, 4, 1.00, '2026-04-20 16:08:41', '2026-04-20 16:08:41'),
(443, 4, 8, 5, 1.00, '2026-04-20 16:08:41', '2026-04-20 16:08:41'),
(444, 4, 8, 6, 1.00, '2026-04-20 16:08:41', '2026-04-20 16:08:41'),
(445, 4, 8, 7, 1.00, '2026-04-20 16:08:41', '2026-04-20 16:08:41'),
(446, 4, 8, 8, 1.00, '2026-04-20 16:08:41', '2026-04-20 16:08:41'),
(447, 4, 8, 9, 1.00, '2026-04-20 16:08:41', '2026-04-20 16:08:41'),
(448, 4, 8, 10, 1.00, '2026-04-20 16:08:41', '2026-04-20 16:08:41'),
(449, 4, 9, 1, 1.00, '2026-04-20 16:08:41', '2026-04-20 16:08:41'),
(450, 4, 9, 2, 1.00, '2026-04-20 16:08:41', '2026-04-20 16:08:41'),
(451, 4, 9, 3, 1.00, '2026-04-20 16:08:41', '2026-04-20 16:08:41'),
(452, 4, 9, 4, 1.00, '2026-04-20 16:08:41', '2026-04-20 16:08:41'),
(453, 4, 9, 5, 1.00, '2026-04-20 16:08:41', '2026-04-20 16:08:41'),
(454, 4, 9, 6, 1.00, '2026-04-20 16:08:41', '2026-04-20 16:08:41'),
(455, 4, 9, 7, 1.00, '2026-04-20 16:08:41', '2026-04-20 16:08:41'),
(456, 4, 9, 8, 1.00, '2026-04-20 16:08:41', '2026-04-20 16:08:41'),
(457, 4, 9, 9, 1.00, '2026-04-20 16:08:41', '2026-04-20 16:08:41'),
(458, 4, 9, 10, 1.00, '2026-04-20 16:08:41', '2026-04-20 16:08:41'),
(459, 4, 10, 1, 1.00, '2026-04-20 16:08:41', '2026-04-20 16:08:41'),
(460, 4, 10, 2, 1.00, '2026-04-20 16:08:41', '2026-04-20 16:08:41'),
(461, 4, 10, 3, 1.00, '2026-04-20 16:08:41', '2026-04-20 16:08:41'),
(462, 4, 10, 4, 1.00, '2026-04-20 16:08:41', '2026-04-20 16:08:41'),
(463, 4, 10, 5, 1.00, '2026-04-20 16:08:41', '2026-04-20 16:08:41'),
(464, 4, 10, 6, 1.00, '2026-04-20 16:08:41', '2026-04-20 16:08:41'),
(465, 4, 10, 7, 1.00, '2026-04-20 16:08:41', '2026-04-20 16:08:41'),
(466, 4, 10, 8, 1.00, '2026-04-20 16:08:41', '2026-04-20 16:08:41'),
(467, 4, 10, 9, 1.00, '2026-04-20 16:08:41', '2026-04-20 16:08:41'),
(468, 4, 10, 10, 1.00, '2026-04-20 16:08:41', '2026-04-20 16:08:41'),
(469, 5, 1, 1, 1.00, '2026-04-20 16:08:41', '2026-04-20 16:08:41'),
(470, 5, 1, 2, 1.00, '2026-04-20 16:08:41', '2026-04-20 16:08:41'),
(471, 5, 1, 3, 1.00, '2026-04-20 16:08:41', '2026-04-20 16:08:41'),
(472, 5, 1, 4, 1.00, '2026-04-20 16:08:41', '2026-04-20 16:08:41'),
(473, 5, 1, 5, 1.00, '2026-04-20 16:08:41', '2026-04-20 16:08:41'),
(474, 5, 1, 6, 1.00, '2026-04-20 16:08:41', '2026-04-20 16:08:41'),
(475, 5, 1, 7, 1.00, '2026-04-20 16:08:41', '2026-04-20 16:08:41'),
(476, 5, 1, 8, 1.00, '2026-04-20 16:08:41', '2026-04-20 16:08:41'),
(477, 5, 2, 1, 1.00, '2026-04-20 16:08:41', '2026-04-20 16:08:41'),
(478, 5, 2, 2, 1.00, '2026-04-20 16:08:41', '2026-04-20 16:08:41'),
(479, 5, 2, 3, 1.00, '2026-04-20 16:08:41', '2026-04-20 16:08:41'),
(480, 5, 2, 4, 1.00, '2026-04-20 16:08:41', '2026-04-20 16:08:41'),
(481, 5, 2, 5, 1.00, '2026-04-20 16:08:41', '2026-04-20 16:08:41'),
(482, 5, 2, 6, 1.00, '2026-04-20 16:08:41', '2026-04-20 16:08:41'),
(483, 5, 2, 7, 1.00, '2026-04-20 16:08:41', '2026-04-20 16:08:41'),
(484, 5, 2, 8, 1.00, '2026-04-20 16:08:41', '2026-04-20 16:08:41'),
(485, 5, 3, 1, 1.00, '2026-04-20 16:08:41', '2026-04-20 16:08:41'),
(486, 5, 3, 2, 1.00, '2026-04-20 16:08:41', '2026-04-20 16:08:41'),
(487, 5, 3, 3, 1.00, '2026-04-20 16:08:41', '2026-04-20 16:08:41'),
(488, 5, 3, 4, 1.00, '2026-04-20 16:08:41', '2026-04-20 16:08:41'),
(489, 5, 3, 5, 1.00, '2026-04-20 16:08:41', '2026-04-20 16:08:41'),
(490, 5, 3, 6, 1.00, '2026-04-20 16:08:41', '2026-04-20 16:08:41'),
(491, 5, 3, 7, 1.00, '2026-04-20 16:08:41', '2026-04-20 16:08:41'),
(492, 5, 3, 8, 1.00, '2026-04-20 16:08:41', '2026-04-20 16:08:41'),
(493, 5, 4, 1, 1.00, '2026-04-20 16:08:41', '2026-04-20 16:08:41'),
(494, 5, 4, 2, 1.00, '2026-04-20 16:08:41', '2026-04-20 16:08:41'),
(495, 5, 4, 3, 1.00, '2026-04-20 16:08:41', '2026-04-20 16:08:41'),
(496, 5, 4, 4, 1.00, '2026-04-20 16:08:41', '2026-04-20 16:08:41'),
(497, 5, 4, 5, 1.00, '2026-04-20 16:08:41', '2026-04-20 16:08:41'),
(498, 5, 4, 6, 1.00, '2026-04-20 16:08:41', '2026-04-20 16:08:41'),
(499, 5, 4, 7, 1.00, '2026-04-20 16:08:41', '2026-04-20 16:08:41'),
(500, 5, 4, 8, 1.00, '2026-04-20 16:08:41', '2026-04-20 16:08:41'),
(501, 5, 5, 1, 1.00, '2026-04-20 16:08:41', '2026-04-20 16:08:41'),
(502, 5, 5, 2, 1.00, '2026-04-20 16:08:41', '2026-04-20 16:08:41'),
(503, 5, 5, 3, 1.00, '2026-04-20 16:08:41', '2026-04-20 16:08:41'),
(504, 5, 5, 4, 1.00, '2026-04-20 16:08:41', '2026-04-20 16:08:41'),
(505, 5, 5, 5, 1.00, '2026-04-20 16:08:41', '2026-04-20 16:08:41'),
(506, 5, 5, 6, 1.00, '2026-04-20 16:08:41', '2026-04-20 16:08:41'),
(507, 5, 5, 7, 1.00, '2026-04-20 16:08:41', '2026-04-20 16:08:41'),
(508, 5, 5, 8, 1.00, '2026-04-20 16:08:41', '2026-04-20 16:08:41'),
(509, 5, 6, 1, 1.00, '2026-04-20 16:08:41', '2026-04-20 16:08:41'),
(510, 5, 6, 2, 1.00, '2026-04-20 16:08:41', '2026-04-20 16:08:41'),
(511, 5, 6, 3, 1.00, '2026-04-20 16:08:41', '2026-04-20 16:08:41'),
(512, 5, 6, 4, 1.00, '2026-04-20 16:08:41', '2026-04-20 16:08:41'),
(513, 5, 6, 5, 1.00, '2026-04-20 16:08:41', '2026-04-20 16:08:41'),
(514, 5, 6, 6, 1.00, '2026-04-20 16:08:41', '2026-04-20 16:08:41'),
(515, 5, 6, 7, 1.00, '2026-04-20 16:08:41', '2026-04-20 16:08:41'),
(516, 5, 6, 8, 1.00, '2026-04-20 16:08:41', '2026-04-20 16:08:41'),
(517, 6, 1, 1, 1.00, '2026-04-20 16:08:41', '2026-04-20 16:08:41'),
(518, 6, 1, 2, 1.00, '2026-04-20 16:08:41', '2026-04-20 16:08:41'),
(519, 6, 1, 3, 1.00, '2026-04-20 16:08:41', '2026-04-20 16:08:41'),
(520, 6, 1, 4, 1.00, '2026-04-20 16:08:41', '2026-04-20 16:08:41'),
(521, 6, 1, 5, 1.00, '2026-04-20 16:08:41', '2026-04-20 16:08:41'),
(522, 6, 1, 6, 1.00, '2026-04-20 16:08:41', '2026-04-20 16:08:41'),
(523, 6, 1, 7, 1.00, '2026-04-20 16:08:41', '2026-04-20 16:08:41'),
(524, 6, 1, 8, 1.00, '2026-04-20 16:08:41', '2026-04-20 16:08:41'),
(525, 6, 1, 9, 1.00, '2026-04-20 16:08:41', '2026-04-20 16:08:41'),
(526, 6, 1, 10, 1.00, '2026-04-20 16:08:41', '2026-04-20 16:08:41'),
(527, 6, 1, 11, 1.00, '2026-04-20 16:08:41', '2026-04-20 16:08:41'),
(528, 6, 1, 12, 1.00, '2026-04-20 16:08:41', '2026-04-20 16:08:41'),
(529, 6, 1, 13, 1.00, '2026-04-20 16:08:41', '2026-04-20 16:08:41'),
(530, 6, 1, 14, 1.00, '2026-04-20 16:08:41', '2026-04-20 16:08:41'),
(531, 6, 1, 15, 1.00, '2026-04-20 16:08:41', '2026-04-20 16:08:41'),
(532, 6, 1, 16, 1.00, '2026-04-20 16:08:41', '2026-04-20 16:08:41'),
(533, 6, 2, 1, 1.00, '2026-04-20 16:08:41', '2026-04-20 16:08:41'),
(534, 6, 2, 2, 1.00, '2026-04-20 16:08:41', '2026-04-20 16:08:41'),
(535, 6, 2, 3, 1.00, '2026-04-20 16:08:41', '2026-04-20 16:08:41'),
(536, 6, 2, 4, 1.00, '2026-04-20 16:08:41', '2026-04-20 16:08:41'),
(537, 6, 2, 5, 1.00, '2026-04-20 16:08:41', '2026-04-20 16:08:41'),
(538, 6, 2, 6, 1.00, '2026-04-20 16:08:41', '2026-04-20 16:08:41'),
(539, 6, 2, 7, 1.00, '2026-04-20 16:08:41', '2026-04-20 16:08:41'),
(540, 6, 2, 8, 1.00, '2026-04-20 16:08:41', '2026-04-20 16:08:41'),
(541, 6, 2, 9, 1.00, '2026-04-20 16:08:41', '2026-04-20 16:08:41'),
(542, 6, 2, 10, 1.00, '2026-04-20 16:08:41', '2026-04-20 16:08:41'),
(543, 6, 2, 11, 1.00, '2026-04-20 16:08:41', '2026-04-20 16:08:41'),
(544, 6, 2, 12, 1.00, '2026-04-20 16:08:41', '2026-04-20 16:08:41'),
(545, 6, 2, 13, 1.00, '2026-04-20 16:08:41', '2026-04-20 16:08:41'),
(546, 6, 2, 14, 1.00, '2026-04-20 16:08:41', '2026-04-20 16:08:41'),
(547, 6, 2, 15, 1.00, '2026-04-20 16:08:41', '2026-04-20 16:08:41'),
(548, 6, 2, 16, 1.00, '2026-04-20 16:08:41', '2026-04-20 16:08:41'),
(549, 6, 3, 1, 1.00, '2026-04-20 16:08:41', '2026-04-20 16:08:41'),
(550, 6, 3, 2, 1.00, '2026-04-20 16:08:41', '2026-04-20 16:08:41'),
(551, 6, 3, 3, 1.00, '2026-04-20 16:08:41', '2026-04-20 16:08:41'),
(552, 6, 3, 4, 1.00, '2026-04-20 16:08:41', '2026-04-20 16:08:41'),
(553, 6, 3, 5, 1.00, '2026-04-20 16:08:41', '2026-04-20 16:08:41'),
(554, 6, 3, 6, 1.00, '2026-04-20 16:08:41', '2026-04-20 16:08:41'),
(555, 6, 3, 7, 1.00, '2026-04-20 16:08:41', '2026-04-20 16:08:41'),
(556, 6, 3, 8, 1.00, '2026-04-20 16:08:41', '2026-04-20 16:08:41'),
(557, 6, 3, 9, 1.00, '2026-04-20 16:08:41', '2026-04-20 16:08:41'),
(558, 6, 3, 10, 1.00, '2026-04-20 16:08:41', '2026-04-20 16:08:41'),
(559, 6, 3, 11, 1.00, '2026-04-20 16:08:41', '2026-04-20 16:08:41'),
(560, 6, 3, 12, 1.00, '2026-04-20 16:08:41', '2026-04-20 16:08:41'),
(561, 6, 3, 13, 1.00, '2026-04-20 16:08:41', '2026-04-20 16:08:41'),
(562, 6, 3, 14, 1.00, '2026-04-20 16:08:41', '2026-04-20 16:08:41'),
(563, 6, 3, 15, 1.00, '2026-04-20 16:08:41', '2026-04-20 16:08:41'),
(564, 6, 3, 16, 1.00, '2026-04-20 16:08:41', '2026-04-20 16:08:41'),
(565, 6, 4, 1, 1.00, '2026-04-20 16:08:41', '2026-04-20 16:08:41'),
(566, 6, 4, 2, 1.00, '2026-04-20 16:08:41', '2026-04-20 16:08:41'),
(567, 6, 4, 3, 1.00, '2026-04-20 16:08:41', '2026-04-20 16:08:41'),
(568, 6, 4, 4, 1.00, '2026-04-20 16:08:41', '2026-04-20 16:08:41'),
(569, 6, 4, 5, 1.00, '2026-04-20 16:08:41', '2026-04-20 16:08:41'),
(570, 6, 4, 6, 1.00, '2026-04-20 16:08:41', '2026-04-20 16:08:41'),
(571, 6, 4, 7, 1.00, '2026-04-20 16:08:41', '2026-04-20 16:08:41'),
(572, 6, 4, 8, 1.00, '2026-04-20 16:08:41', '2026-04-20 16:08:41'),
(573, 6, 4, 9, 1.00, '2026-04-20 16:08:41', '2026-04-20 16:08:41'),
(574, 6, 4, 10, 1.00, '2026-04-20 16:08:41', '2026-04-20 16:08:41'),
(575, 6, 4, 11, 1.00, '2026-04-20 16:08:41', '2026-04-20 16:08:41'),
(576, 6, 4, 12, 1.00, '2026-04-20 16:08:41', '2026-04-20 16:08:41'),
(577, 6, 4, 13, 1.00, '2026-04-20 16:08:41', '2026-04-20 16:08:41'),
(578, 6, 4, 14, 1.00, '2026-04-20 16:08:41', '2026-04-20 16:08:41'),
(579, 6, 4, 15, 1.00, '2026-04-20 16:08:41', '2026-04-20 16:08:41'),
(580, 6, 4, 16, 1.00, '2026-04-20 16:08:41', '2026-04-20 16:08:41'),
(581, 6, 5, 1, 1.00, '2026-04-20 16:08:41', '2026-04-20 16:08:41'),
(582, 6, 5, 2, 1.00, '2026-04-20 16:08:41', '2026-04-20 16:08:41'),
(583, 6, 5, 3, 1.00, '2026-04-20 16:08:41', '2026-04-20 16:08:41'),
(584, 6, 5, 4, 1.00, '2026-04-20 16:08:41', '2026-04-20 16:08:41'),
(585, 6, 5, 5, 1.00, '2026-04-20 16:08:41', '2026-04-20 16:08:41'),
(586, 6, 5, 6, 1.00, '2026-04-20 16:08:41', '2026-04-20 16:08:41'),
(587, 6, 5, 7, 1.00, '2026-04-20 16:08:41', '2026-04-20 16:08:41'),
(588, 6, 5, 8, 1.00, '2026-04-20 16:08:41', '2026-04-20 16:08:41'),
(589, 6, 5, 9, 1.00, '2026-04-20 16:08:41', '2026-04-20 16:08:41'),
(590, 6, 5, 10, 1.00, '2026-04-20 16:08:41', '2026-04-20 16:08:41'),
(591, 6, 5, 11, 1.00, '2026-04-20 16:08:41', '2026-04-20 16:08:41'),
(592, 6, 5, 12, 1.00, '2026-04-20 16:08:41', '2026-04-20 16:08:41'),
(593, 6, 5, 13, 1.00, '2026-04-20 16:08:41', '2026-04-20 16:08:41'),
(594, 6, 5, 14, 1.00, '2026-04-20 16:08:41', '2026-04-20 16:08:41'),
(595, 6, 5, 15, 1.00, '2026-04-20 16:08:41', '2026-04-20 16:08:41'),
(596, 6, 5, 16, 1.00, '2026-04-20 16:08:41', '2026-04-20 16:08:41'),
(597, 6, 6, 1, 1.00, '2026-04-20 16:08:41', '2026-04-20 16:08:41'),
(598, 6, 6, 2, 1.00, '2026-04-20 16:08:41', '2026-04-20 16:08:41'),
(599, 6, 6, 3, 1.00, '2026-04-20 16:08:41', '2026-04-20 16:08:41'),
(600, 6, 6, 4, 1.00, '2026-04-20 16:08:41', '2026-04-20 16:08:41'),
(601, 6, 6, 5, 1.00, '2026-04-20 16:08:41', '2026-04-20 16:08:41'),
(602, 6, 6, 6, 1.00, '2026-04-20 16:08:41', '2026-04-20 16:08:41'),
(603, 6, 6, 7, 1.00, '2026-04-20 16:08:41', '2026-04-20 16:08:41'),
(604, 6, 6, 8, 1.00, '2026-04-20 16:08:41', '2026-04-20 16:08:41'),
(605, 6, 6, 9, 1.00, '2026-04-20 16:08:41', '2026-04-20 16:08:41'),
(606, 6, 6, 10, 1.00, '2026-04-20 16:08:41', '2026-04-20 16:08:41'),
(607, 6, 6, 11, 1.00, '2026-04-20 16:08:41', '2026-04-20 16:08:41'),
(608, 6, 6, 12, 1.00, '2026-04-20 16:08:41', '2026-04-20 16:08:41'),
(609, 6, 6, 13, 1.00, '2026-04-20 16:08:41', '2026-04-20 16:08:41'),
(610, 6, 6, 14, 1.00, '2026-04-20 16:08:41', '2026-04-20 16:08:41'),
(611, 6, 6, 15, 1.00, '2026-04-20 16:08:41', '2026-04-20 16:08:41'),
(612, 6, 6, 16, 1.00, '2026-04-20 16:08:41', '2026-04-20 16:08:41'),
(613, 6, 7, 1, 1.00, '2026-04-20 16:08:41', '2026-04-20 16:08:41'),
(614, 6, 7, 2, 1.00, '2026-04-20 16:08:41', '2026-04-20 16:08:41'),
(615, 6, 7, 3, 1.00, '2026-04-20 16:08:41', '2026-04-20 16:08:41'),
(616, 6, 7, 4, 1.00, '2026-04-20 16:08:41', '2026-04-20 16:08:41'),
(617, 6, 7, 5, 1.00, '2026-04-20 16:08:41', '2026-04-20 16:08:41'),
(618, 6, 7, 6, 1.00, '2026-04-20 16:08:41', '2026-04-20 16:08:41'),
(619, 6, 7, 7, 1.00, '2026-04-20 16:08:41', '2026-04-20 16:08:41'),
(620, 6, 7, 8, 1.00, '2026-04-20 16:08:41', '2026-04-20 16:08:41'),
(621, 6, 7, 9, 1.00, '2026-04-20 16:08:41', '2026-04-20 16:08:41'),
(622, 6, 7, 10, 1.00, '2026-04-20 16:08:41', '2026-04-20 16:08:41'),
(623, 6, 7, 11, 1.00, '2026-04-20 16:08:41', '2026-04-20 16:08:41'),
(624, 6, 7, 12, 1.00, '2026-04-20 16:08:41', '2026-04-20 16:08:41'),
(625, 6, 7, 13, 1.00, '2026-04-20 16:08:41', '2026-04-20 16:08:41'),
(626, 6, 7, 14, 1.00, '2026-04-20 16:08:41', '2026-04-20 16:08:41'),
(627, 6, 7, 15, 1.00, '2026-04-20 16:08:41', '2026-04-20 16:08:41'),
(628, 6, 7, 16, 1.00, '2026-04-20 16:08:41', '2026-04-20 16:08:41'),
(629, 6, 8, 1, 1.00, '2026-04-20 16:08:41', '2026-04-20 16:08:41'),
(630, 6, 8, 2, 1.00, '2026-04-20 16:08:41', '2026-04-20 16:08:41'),
(631, 6, 8, 3, 1.00, '2026-04-20 16:08:41', '2026-04-20 16:08:41'),
(632, 6, 8, 4, 1.00, '2026-04-20 16:08:41', '2026-04-20 16:08:41'),
(633, 6, 8, 5, 1.00, '2026-04-20 16:08:41', '2026-04-20 16:08:41'),
(634, 6, 8, 6, 1.00, '2026-04-20 16:08:41', '2026-04-20 16:08:41'),
(635, 6, 8, 7, 1.00, '2026-04-20 16:08:41', '2026-04-20 16:08:41'),
(636, 6, 8, 8, 1.00, '2026-04-20 16:08:41', '2026-04-20 16:08:41'),
(637, 6, 8, 9, 1.00, '2026-04-20 16:08:41', '2026-04-20 16:08:41'),
(638, 6, 8, 10, 1.00, '2026-04-20 16:08:41', '2026-04-20 16:08:41'),
(639, 6, 8, 11, 1.00, '2026-04-20 16:08:41', '2026-04-20 16:08:41'),
(640, 6, 8, 12, 1.00, '2026-04-20 16:08:41', '2026-04-20 16:08:41'),
(641, 6, 8, 13, 1.00, '2026-04-20 16:08:41', '2026-04-20 16:08:41'),
(642, 6, 8, 14, 1.00, '2026-04-20 16:08:41', '2026-04-20 16:08:41'),
(643, 6, 8, 15, 1.00, '2026-04-20 16:08:41', '2026-04-20 16:08:41'),
(644, 6, 8, 16, 1.00, '2026-04-20 16:08:41', '2026-04-20 16:08:41'),
(645, 6, 9, 1, 1.00, '2026-04-20 16:08:41', '2026-04-20 16:08:41'),
(646, 6, 9, 2, 1.00, '2026-04-20 16:08:41', '2026-04-20 16:08:41'),
(647, 6, 9, 3, 1.00, '2026-04-20 16:08:41', '2026-04-20 16:08:41'),
(648, 6, 9, 4, 1.00, '2026-04-20 16:08:41', '2026-04-20 16:08:41'),
(649, 6, 9, 5, 1.00, '2026-04-20 16:08:41', '2026-04-20 16:08:41'),
(650, 6, 9, 6, 1.00, '2026-04-20 16:08:41', '2026-04-20 16:08:41'),
(651, 6, 9, 7, 1.00, '2026-04-20 16:08:41', '2026-04-20 16:08:41'),
(652, 6, 9, 8, 1.00, '2026-04-20 16:08:41', '2026-04-20 16:08:41'),
(653, 6, 9, 9, 1.00, '2026-04-20 16:08:41', '2026-04-20 16:08:41'),
(654, 6, 9, 10, 1.00, '2026-04-20 16:08:41', '2026-04-20 16:08:41'),
(655, 6, 9, 11, 1.00, '2026-04-20 16:08:41', '2026-04-20 16:08:41'),
(656, 6, 9, 12, 1.00, '2026-04-20 16:08:41', '2026-04-20 16:08:41'),
(657, 6, 9, 13, 1.00, '2026-04-20 16:08:41', '2026-04-20 16:08:41'),
(658, 6, 9, 14, 1.00, '2026-04-20 16:08:41', '2026-04-20 16:08:41'),
(659, 6, 9, 15, 1.00, '2026-04-20 16:08:41', '2026-04-20 16:08:41'),
(660, 6, 9, 16, 1.00, '2026-04-20 16:08:41', '2026-04-20 16:08:41'),
(661, 6, 10, 1, 1.00, '2026-04-20 16:08:41', '2026-04-20 16:08:41'),
(662, 6, 10, 2, 1.00, '2026-04-20 16:08:41', '2026-04-20 16:08:41'),
(663, 6, 10, 3, 1.00, '2026-04-20 16:08:41', '2026-04-20 16:08:41'),
(664, 6, 10, 4, 1.00, '2026-04-20 16:08:41', '2026-04-20 16:08:41'),
(665, 6, 10, 5, 1.00, '2026-04-20 16:08:41', '2026-04-20 16:08:41'),
(666, 6, 10, 6, 1.00, '2026-04-20 16:08:41', '2026-04-20 16:08:41'),
(667, 6, 10, 7, 1.00, '2026-04-20 16:08:41', '2026-04-20 16:08:41'),
(668, 6, 10, 8, 1.00, '2026-04-20 16:08:41', '2026-04-20 16:08:41'),
(669, 6, 10, 9, 1.00, '2026-04-20 16:08:41', '2026-04-20 16:08:41'),
(670, 6, 10, 10, 1.00, '2026-04-20 16:08:41', '2026-04-20 16:08:41'),
(671, 6, 10, 11, 1.00, '2026-04-20 16:08:41', '2026-04-20 16:08:41'),
(672, 6, 10, 12, 1.00, '2026-04-20 16:08:41', '2026-04-20 16:08:41'),
(673, 6, 10, 13, 1.00, '2026-04-20 16:08:41', '2026-04-20 16:08:41'),
(674, 6, 10, 14, 1.00, '2026-04-20 16:08:41', '2026-04-20 16:08:41'),
(675, 6, 10, 15, 1.00, '2026-04-20 16:08:41', '2026-04-20 16:08:41'),
(676, 6, 10, 16, 1.00, '2026-04-20 16:08:41', '2026-04-20 16:08:41'),
(677, 6, 11, 1, 1.00, '2026-04-20 16:08:41', '2026-04-20 16:08:41'),
(678, 6, 11, 2, 1.00, '2026-04-20 16:08:41', '2026-04-20 16:08:41'),
(679, 6, 11, 3, 1.00, '2026-04-20 16:08:41', '2026-04-20 16:08:41'),
(680, 6, 11, 4, 1.00, '2026-04-20 16:08:41', '2026-04-20 16:08:41'),
(681, 6, 11, 5, 1.00, '2026-04-20 16:08:41', '2026-04-20 16:08:41'),
(682, 6, 11, 6, 1.00, '2026-04-20 16:08:41', '2026-04-20 16:08:41'),
(683, 6, 11, 7, 1.00, '2026-04-20 16:08:41', '2026-04-20 16:08:41'),
(684, 6, 11, 8, 1.00, '2026-04-20 16:08:41', '2026-04-20 16:08:41'),
(685, 6, 11, 9, 1.00, '2026-04-20 16:08:41', '2026-04-20 16:08:41'),
(686, 6, 11, 10, 1.00, '2026-04-20 16:08:41', '2026-04-20 16:08:41'),
(687, 6, 11, 11, 1.00, '2026-04-20 16:08:41', '2026-04-20 16:08:41'),
(688, 6, 11, 12, 1.00, '2026-04-20 16:08:41', '2026-04-20 16:08:41'),
(689, 6, 11, 13, 1.00, '2026-04-20 16:08:41', '2026-04-20 16:08:41'),
(690, 6, 11, 14, 1.00, '2026-04-20 16:08:41', '2026-04-20 16:08:41'),
(691, 6, 11, 15, 1.00, '2026-04-20 16:08:41', '2026-04-20 16:08:41'),
(692, 6, 11, 16, 1.00, '2026-04-20 16:08:41', '2026-04-20 16:08:41'),
(693, 6, 12, 1, 1.00, '2026-04-20 16:08:41', '2026-04-20 16:08:41'),
(694, 6, 12, 2, 1.00, '2026-04-20 16:08:41', '2026-04-20 16:08:41'),
(695, 6, 12, 3, 1.00, '2026-04-20 16:08:41', '2026-04-20 16:08:41'),
(696, 6, 12, 4, 1.00, '2026-04-20 16:08:41', '2026-04-20 16:08:41'),
(697, 6, 12, 5, 1.00, '2026-04-20 16:08:41', '2026-04-20 16:08:41'),
(698, 6, 12, 6, 1.00, '2026-04-20 16:08:41', '2026-04-20 16:08:41'),
(699, 6, 12, 7, 1.00, '2026-04-20 16:08:41', '2026-04-20 16:08:41'),
(700, 6, 12, 8, 1.00, '2026-04-20 16:08:41', '2026-04-20 16:08:41'),
(701, 6, 12, 9, 1.00, '2026-04-20 16:08:41', '2026-04-20 16:08:41'),
(702, 6, 12, 10, 1.00, '2026-04-20 16:08:41', '2026-04-20 16:08:41'),
(703, 6, 12, 11, 1.00, '2026-04-20 16:08:41', '2026-04-20 16:08:41'),
(704, 6, 12, 12, 1.00, '2026-04-20 16:08:41', '2026-04-20 16:08:41'),
(705, 6, 12, 13, 1.00, '2026-04-20 16:08:41', '2026-04-20 16:08:41'),
(706, 6, 12, 14, 1.00, '2026-04-20 16:08:41', '2026-04-20 16:08:41'),
(707, 6, 12, 15, 1.00, '2026-04-20 16:08:41', '2026-04-20 16:08:41'),
(708, 6, 12, 16, 1.00, '2026-04-20 16:08:41', '2026-04-20 16:08:41'),
(709, 6, 13, 1, 1.00, '2026-04-20 16:08:41', '2026-04-20 16:08:41'),
(710, 6, 13, 2, 1.00, '2026-04-20 16:08:41', '2026-04-20 16:08:41'),
(711, 6, 13, 3, 1.00, '2026-04-20 16:08:41', '2026-04-20 16:08:41'),
(712, 6, 13, 4, 1.00, '2026-04-20 16:08:41', '2026-04-20 16:08:41'),
(713, 6, 13, 5, 1.00, '2026-04-20 16:08:41', '2026-04-20 16:08:41'),
(714, 6, 13, 6, 1.00, '2026-04-20 16:08:41', '2026-04-20 16:08:41'),
(715, 6, 13, 7, 1.00, '2026-04-20 16:08:41', '2026-04-20 16:08:41'),
(716, 6, 13, 8, 1.00, '2026-04-20 16:08:41', '2026-04-20 16:08:41'),
(717, 6, 13, 9, 1.00, '2026-04-20 16:08:41', '2026-04-20 16:08:41'),
(718, 6, 13, 10, 1.00, '2026-04-20 16:08:41', '2026-04-20 16:08:41'),
(719, 6, 13, 11, 1.00, '2026-04-20 16:08:41', '2026-04-20 16:08:41'),
(720, 6, 13, 12, 1.00, '2026-04-20 16:08:41', '2026-04-20 16:08:41'),
(721, 6, 13, 13, 1.00, '2026-04-20 16:08:41', '2026-04-20 16:08:41'),
(722, 6, 13, 14, 1.00, '2026-04-20 16:08:41', '2026-04-20 16:08:41'),
(723, 6, 13, 15, 1.00, '2026-04-20 16:08:41', '2026-04-20 16:08:41'),
(724, 6, 13, 16, 1.00, '2026-04-20 16:08:41', '2026-04-20 16:08:41'),
(725, 6, 14, 1, 1.00, '2026-04-20 16:08:41', '2026-04-20 16:08:41'),
(726, 6, 14, 2, 1.00, '2026-04-20 16:08:41', '2026-04-20 16:08:41'),
(727, 6, 14, 3, 1.00, '2026-04-20 16:08:41', '2026-04-20 16:08:41'),
(728, 6, 14, 4, 1.00, '2026-04-20 16:08:41', '2026-04-20 16:08:41'),
(729, 6, 14, 5, 1.00, '2026-04-20 16:08:41', '2026-04-20 16:08:41'),
(730, 6, 14, 6, 1.00, '2026-04-20 16:08:41', '2026-04-20 16:08:41'),
(731, 6, 14, 7, 1.00, '2026-04-20 16:08:41', '2026-04-20 16:08:41'),
(732, 6, 14, 8, 1.00, '2026-04-20 16:08:41', '2026-04-20 16:08:41'),
(733, 6, 14, 9, 1.00, '2026-04-20 16:08:41', '2026-04-20 16:08:41'),
(734, 6, 14, 10, 1.00, '2026-04-20 16:08:41', '2026-04-20 16:08:41'),
(735, 6, 14, 11, 1.00, '2026-04-20 16:08:41', '2026-04-20 16:08:41'),
(736, 6, 14, 12, 1.00, '2026-04-20 16:08:41', '2026-04-20 16:08:41'),
(737, 6, 14, 13, 1.00, '2026-04-20 16:08:41', '2026-04-20 16:08:41'),
(738, 6, 14, 14, 1.00, '2026-04-20 16:08:41', '2026-04-20 16:08:41'),
(739, 6, 14, 15, 1.00, '2026-04-20 16:08:41', '2026-04-20 16:08:41'),
(740, 6, 14, 16, 1.00, '2026-04-20 16:08:41', '2026-04-20 16:08:41'),
(741, 7, 1, 1, 1.00, '2026-04-20 16:08:41', '2026-04-20 16:08:41'),
(742, 7, 1, 2, 1.00, '2026-04-20 16:08:41', '2026-04-20 16:08:41'),
(743, 7, 1, 3, 1.00, '2026-04-20 16:08:41', '2026-04-20 16:08:41'),
(744, 7, 1, 4, 1.00, '2026-04-20 16:08:41', '2026-04-20 16:08:41'),
(745, 7, 1, 5, 1.00, '2026-04-20 16:08:41', '2026-04-20 16:08:41'),
(746, 7, 1, 6, 1.00, '2026-04-20 16:08:41', '2026-04-20 16:08:41'),
(747, 7, 1, 7, 1.00, '2026-04-20 16:08:41', '2026-04-20 16:08:41'),
(748, 7, 1, 8, 1.00, '2026-04-20 16:08:41', '2026-04-20 16:08:41'),
(749, 7, 1, 9, 1.00, '2026-04-20 16:08:41', '2026-04-20 16:08:41'),
(750, 7, 1, 10, 1.00, '2026-04-20 16:08:41', '2026-04-20 16:08:41'),
(751, 7, 1, 11, 1.00, '2026-04-20 16:08:41', '2026-04-20 16:08:41');
INSERT INTO `seats` (`id`, `room_id`, `row_number`, `column_number`, `price_multiplier`, `created_at`, `updated_at`) VALUES
(752, 7, 1, 12, 1.00, '2026-04-20 16:08:41', '2026-04-20 16:08:41'),
(753, 7, 2, 1, 1.00, '2026-04-20 16:08:41', '2026-04-20 16:08:41'),
(754, 7, 2, 2, 1.00, '2026-04-20 16:08:41', '2026-04-20 16:08:41'),
(755, 7, 2, 3, 1.00, '2026-04-20 16:08:41', '2026-04-20 16:08:41'),
(756, 7, 2, 4, 1.00, '2026-04-20 16:08:41', '2026-04-20 16:08:41'),
(757, 7, 2, 5, 1.00, '2026-04-20 16:08:41', '2026-04-20 16:08:41'),
(758, 7, 2, 6, 1.00, '2026-04-20 16:08:41', '2026-04-20 16:08:41'),
(759, 7, 2, 7, 1.00, '2026-04-20 16:08:41', '2026-04-20 16:08:41'),
(760, 7, 2, 8, 1.00, '2026-04-20 16:08:41', '2026-04-20 16:08:41'),
(761, 7, 2, 9, 1.00, '2026-04-20 16:08:41', '2026-04-20 16:08:41'),
(762, 7, 2, 10, 1.00, '2026-04-20 16:08:41', '2026-04-20 16:08:41'),
(763, 7, 2, 11, 1.00, '2026-04-20 16:08:41', '2026-04-20 16:08:41'),
(764, 7, 2, 12, 1.00, '2026-04-20 16:08:41', '2026-04-20 16:08:41'),
(765, 7, 3, 1, 1.00, '2026-04-20 16:08:41', '2026-04-20 16:08:41'),
(766, 7, 3, 2, 1.00, '2026-04-20 16:08:41', '2026-04-20 16:08:41'),
(767, 7, 3, 3, 1.00, '2026-04-20 16:08:41', '2026-04-20 16:08:41'),
(768, 7, 3, 4, 1.00, '2026-04-20 16:08:41', '2026-04-20 16:08:41'),
(769, 7, 3, 5, 1.00, '2026-04-20 16:08:41', '2026-04-20 16:08:41'),
(770, 7, 3, 6, 1.00, '2026-04-20 16:08:41', '2026-04-20 16:08:41'),
(771, 7, 3, 7, 1.00, '2026-04-20 16:08:41', '2026-04-20 16:08:41'),
(772, 7, 3, 8, 1.00, '2026-04-20 16:08:41', '2026-04-20 16:08:41'),
(773, 7, 3, 9, 1.00, '2026-04-20 16:08:41', '2026-04-20 16:08:41'),
(774, 7, 3, 10, 1.00, '2026-04-20 16:08:41', '2026-04-20 16:08:41'),
(775, 7, 3, 11, 1.00, '2026-04-20 16:08:41', '2026-04-20 16:08:41'),
(776, 7, 3, 12, 1.00, '2026-04-20 16:08:41', '2026-04-20 16:08:41'),
(777, 7, 4, 1, 1.00, '2026-04-20 16:08:41', '2026-04-20 16:08:41'),
(778, 7, 4, 2, 1.00, '2026-04-20 16:08:41', '2026-04-20 16:08:41'),
(779, 7, 4, 3, 1.00, '2026-04-20 16:08:41', '2026-04-20 16:08:41'),
(780, 7, 4, 4, 1.00, '2026-04-20 16:08:41', '2026-04-20 16:08:41'),
(781, 7, 4, 5, 1.00, '2026-04-20 16:08:41', '2026-04-20 16:08:41'),
(782, 7, 4, 6, 1.00, '2026-04-20 16:08:41', '2026-04-20 16:08:41'),
(783, 7, 4, 7, 1.00, '2026-04-20 16:08:41', '2026-04-20 16:08:41'),
(784, 7, 4, 8, 1.00, '2026-04-20 16:08:41', '2026-04-20 16:08:41'),
(785, 7, 4, 9, 1.00, '2026-04-20 16:08:41', '2026-04-20 16:08:41'),
(786, 7, 4, 10, 1.00, '2026-04-20 16:08:41', '2026-04-20 16:08:41'),
(787, 7, 4, 11, 1.00, '2026-04-20 16:08:41', '2026-04-20 16:08:41'),
(788, 7, 4, 12, 1.00, '2026-04-20 16:08:41', '2026-04-20 16:08:41'),
(789, 7, 5, 1, 1.00, '2026-04-20 16:08:41', '2026-04-20 16:08:41'),
(790, 7, 5, 2, 1.00, '2026-04-20 16:08:41', '2026-04-20 16:08:41'),
(791, 7, 5, 3, 1.00, '2026-04-20 16:08:41', '2026-04-20 16:08:41'),
(792, 7, 5, 4, 1.00, '2026-04-20 16:08:41', '2026-04-20 16:08:41'),
(793, 7, 5, 5, 1.00, '2026-04-20 16:08:41', '2026-04-20 16:08:41'),
(794, 7, 5, 6, 1.00, '2026-04-20 16:08:41', '2026-04-20 16:08:41'),
(795, 7, 5, 7, 1.00, '2026-04-20 16:08:41', '2026-04-20 16:08:41'),
(796, 7, 5, 8, 1.00, '2026-04-20 16:08:41', '2026-04-20 16:08:41'),
(797, 7, 5, 9, 1.00, '2026-04-20 16:08:41', '2026-04-20 16:08:41'),
(798, 7, 5, 10, 1.00, '2026-04-20 16:08:41', '2026-04-20 16:08:41'),
(799, 7, 5, 11, 1.00, '2026-04-20 16:08:41', '2026-04-20 16:08:41'),
(800, 7, 5, 12, 1.00, '2026-04-20 16:08:41', '2026-04-20 16:08:41'),
(801, 7, 6, 1, 1.00, '2026-04-20 16:08:41', '2026-04-20 16:08:41'),
(802, 7, 6, 2, 1.00, '2026-04-20 16:08:41', '2026-04-20 16:08:41'),
(803, 7, 6, 3, 1.00, '2026-04-20 16:08:41', '2026-04-20 16:08:41'),
(804, 7, 6, 4, 1.00, '2026-04-20 16:08:41', '2026-04-20 16:08:41'),
(805, 7, 6, 5, 1.00, '2026-04-20 16:08:41', '2026-04-20 16:08:41'),
(806, 7, 6, 6, 1.00, '2026-04-20 16:08:41', '2026-04-20 16:08:41'),
(807, 7, 6, 7, 1.00, '2026-04-20 16:08:41', '2026-04-20 16:08:41'),
(808, 7, 6, 8, 1.00, '2026-04-20 16:08:41', '2026-04-20 16:08:41'),
(809, 7, 6, 9, 1.00, '2026-04-20 16:08:41', '2026-04-20 16:08:41'),
(810, 7, 6, 10, 1.00, '2026-04-20 16:08:41', '2026-04-20 16:08:41'),
(811, 7, 6, 11, 1.00, '2026-04-20 16:08:41', '2026-04-20 16:08:41'),
(812, 7, 6, 12, 1.00, '2026-04-20 16:08:41', '2026-04-20 16:08:41'),
(813, 7, 7, 1, 1.00, '2026-04-20 16:08:41', '2026-04-20 16:08:41'),
(814, 7, 7, 2, 1.00, '2026-04-20 16:08:41', '2026-04-20 16:08:41'),
(815, 7, 7, 3, 1.00, '2026-04-20 16:08:41', '2026-04-20 16:08:41'),
(816, 7, 7, 4, 1.00, '2026-04-20 16:08:41', '2026-04-20 16:08:41'),
(817, 7, 7, 5, 1.00, '2026-04-20 16:08:41', '2026-04-20 16:08:41'),
(818, 7, 7, 6, 1.00, '2026-04-20 16:08:41', '2026-04-20 16:08:41'),
(819, 7, 7, 7, 1.00, '2026-04-20 16:08:41', '2026-04-20 16:08:41'),
(820, 7, 7, 8, 1.00, '2026-04-20 16:08:41', '2026-04-20 16:08:41'),
(821, 7, 7, 9, 1.00, '2026-04-20 16:08:41', '2026-04-20 16:08:41'),
(822, 7, 7, 10, 1.00, '2026-04-20 16:08:41', '2026-04-20 16:08:41'),
(823, 7, 7, 11, 1.00, '2026-04-20 16:08:41', '2026-04-20 16:08:41'),
(824, 7, 7, 12, 1.00, '2026-04-20 16:08:41', '2026-04-20 16:08:41'),
(825, 7, 8, 1, 1.00, '2026-04-20 16:08:41', '2026-04-20 16:08:41'),
(826, 7, 8, 2, 1.00, '2026-04-20 16:08:41', '2026-04-20 16:08:41'),
(827, 7, 8, 3, 1.00, '2026-04-20 16:08:41', '2026-04-20 16:08:41'),
(828, 7, 8, 4, 1.00, '2026-04-20 16:08:41', '2026-04-20 16:08:41'),
(829, 7, 8, 5, 1.00, '2026-04-20 16:08:41', '2026-04-20 16:08:41'),
(830, 7, 8, 6, 1.00, '2026-04-20 16:08:41', '2026-04-20 16:08:41'),
(831, 7, 8, 7, 1.00, '2026-04-20 16:08:41', '2026-04-20 16:08:41'),
(832, 7, 8, 8, 1.00, '2026-04-20 16:08:41', '2026-04-20 16:08:41'),
(833, 7, 8, 9, 1.00, '2026-04-20 16:08:41', '2026-04-20 16:08:41'),
(834, 7, 8, 10, 1.00, '2026-04-20 16:08:41', '2026-04-20 16:08:41'),
(835, 7, 8, 11, 1.00, '2026-04-20 16:08:41', '2026-04-20 16:08:41'),
(836, 7, 8, 12, 1.00, '2026-04-20 16:08:41', '2026-04-20 16:08:41'),
(837, 7, 9, 1, 1.00, '2026-04-20 16:08:41', '2026-04-20 16:08:41'),
(838, 7, 9, 2, 1.00, '2026-04-20 16:08:41', '2026-04-20 16:08:41'),
(839, 7, 9, 3, 1.00, '2026-04-20 16:08:41', '2026-04-20 16:08:41'),
(840, 7, 9, 4, 1.00, '2026-04-20 16:08:41', '2026-04-20 16:08:41'),
(841, 7, 9, 5, 1.00, '2026-04-20 16:08:41', '2026-04-20 16:08:41'),
(842, 7, 9, 6, 1.00, '2026-04-20 16:08:41', '2026-04-20 16:08:41'),
(843, 7, 9, 7, 1.00, '2026-04-20 16:08:41', '2026-04-20 16:08:41'),
(844, 7, 9, 8, 1.00, '2026-04-20 16:08:41', '2026-04-20 16:08:41'),
(845, 7, 9, 9, 1.00, '2026-04-20 16:08:41', '2026-04-20 16:08:41'),
(846, 7, 9, 10, 1.00, '2026-04-20 16:08:41', '2026-04-20 16:08:41'),
(847, 7, 9, 11, 1.00, '2026-04-20 16:08:41', '2026-04-20 16:08:41'),
(848, 7, 9, 12, 1.00, '2026-04-20 16:08:41', '2026-04-20 16:08:41'),
(849, 7, 10, 1, 1.00, '2026-04-20 16:08:41', '2026-04-20 16:08:41'),
(850, 7, 10, 2, 1.00, '2026-04-20 16:08:41', '2026-04-20 16:08:41'),
(851, 7, 10, 3, 1.00, '2026-04-20 16:08:41', '2026-04-20 16:08:41'),
(852, 7, 10, 4, 1.00, '2026-04-20 16:08:41', '2026-04-20 16:08:41'),
(853, 7, 10, 5, 1.00, '2026-04-20 16:08:41', '2026-04-20 16:08:41'),
(854, 7, 10, 6, 1.00, '2026-04-20 16:08:41', '2026-04-20 16:08:41'),
(855, 7, 10, 7, 1.00, '2026-04-20 16:08:41', '2026-04-20 16:08:41'),
(856, 7, 10, 8, 1.00, '2026-04-20 16:08:41', '2026-04-20 16:08:41'),
(857, 7, 10, 9, 1.00, '2026-04-20 16:08:41', '2026-04-20 16:08:41'),
(858, 7, 10, 10, 1.00, '2026-04-20 16:08:41', '2026-04-20 16:08:41'),
(859, 7, 10, 11, 1.00, '2026-04-20 16:08:41', '2026-04-20 16:08:41'),
(860, 7, 10, 12, 1.00, '2026-04-20 16:08:41', '2026-04-20 16:08:41'),
(861, 8, 1, 1, 1.00, '2026-04-20 16:08:41', '2026-04-20 16:08:41'),
(862, 8, 1, 2, 1.00, '2026-04-20 16:08:41', '2026-04-20 16:08:41'),
(863, 8, 1, 3, 1.00, '2026-04-20 16:08:41', '2026-04-20 16:08:41'),
(864, 8, 1, 4, 1.00, '2026-04-20 16:08:41', '2026-04-20 16:08:41'),
(865, 8, 1, 5, 1.00, '2026-04-20 16:08:41', '2026-04-20 16:08:41'),
(866, 8, 1, 6, 1.00, '2026-04-20 16:08:41', '2026-04-20 16:08:41'),
(867, 8, 1, 7, 1.00, '2026-04-20 16:08:41', '2026-04-20 16:08:41'),
(868, 8, 1, 8, 1.00, '2026-04-20 16:08:41', '2026-04-20 16:08:41'),
(869, 8, 1, 9, 1.00, '2026-04-20 16:08:41', '2026-04-20 16:08:41'),
(870, 8, 1, 10, 1.00, '2026-04-20 16:08:41', '2026-04-20 16:08:41'),
(871, 8, 2, 1, 1.00, '2026-04-20 16:08:41', '2026-04-20 16:08:41'),
(872, 8, 2, 2, 1.00, '2026-04-20 16:08:41', '2026-04-20 16:08:41'),
(873, 8, 2, 3, 1.00, '2026-04-20 16:08:41', '2026-04-20 16:08:41'),
(874, 8, 2, 4, 1.00, '2026-04-20 16:08:41', '2026-04-20 16:08:41'),
(875, 8, 2, 5, 1.00, '2026-04-20 16:08:41', '2026-04-20 16:08:41'),
(876, 8, 2, 6, 1.00, '2026-04-20 16:08:41', '2026-04-20 16:08:41'),
(877, 8, 2, 7, 1.00, '2026-04-20 16:08:41', '2026-04-20 16:08:41'),
(878, 8, 2, 8, 1.00, '2026-04-20 16:08:41', '2026-04-20 16:08:41'),
(879, 8, 2, 9, 1.00, '2026-04-20 16:08:41', '2026-04-20 16:08:41'),
(880, 8, 2, 10, 1.00, '2026-04-20 16:08:41', '2026-04-20 16:08:41'),
(881, 8, 3, 1, 1.00, '2026-04-20 16:08:41', '2026-04-20 16:08:41'),
(882, 8, 3, 2, 1.00, '2026-04-20 16:08:41', '2026-04-20 16:08:41'),
(883, 8, 3, 3, 1.00, '2026-04-20 16:08:41', '2026-04-20 16:08:41'),
(884, 8, 3, 4, 1.00, '2026-04-20 16:08:41', '2026-04-20 16:08:41'),
(885, 8, 3, 5, 1.00, '2026-04-20 16:08:41', '2026-04-20 16:08:41'),
(886, 8, 3, 6, 1.00, '2026-04-20 16:08:41', '2026-04-20 16:08:41'),
(887, 8, 3, 7, 1.00, '2026-04-20 16:08:41', '2026-04-20 16:08:41'),
(888, 8, 3, 8, 1.00, '2026-04-20 16:08:41', '2026-04-20 16:08:41'),
(889, 8, 3, 9, 1.00, '2026-04-20 16:08:41', '2026-04-20 16:08:41'),
(890, 8, 3, 10, 1.00, '2026-04-20 16:08:41', '2026-04-20 16:08:41'),
(891, 8, 4, 1, 1.00, '2026-04-20 16:08:41', '2026-04-20 16:08:41'),
(892, 8, 4, 2, 1.00, '2026-04-20 16:08:41', '2026-04-20 16:08:41'),
(893, 8, 4, 3, 1.00, '2026-04-20 16:08:41', '2026-04-20 16:08:41'),
(894, 8, 4, 4, 1.00, '2026-04-20 16:08:41', '2026-04-20 16:08:41'),
(895, 8, 4, 5, 1.00, '2026-04-20 16:08:41', '2026-04-20 16:08:41'),
(896, 8, 4, 6, 1.00, '2026-04-20 16:08:41', '2026-04-20 16:08:41'),
(897, 8, 4, 7, 1.00, '2026-04-20 16:08:41', '2026-04-20 16:08:41'),
(898, 8, 4, 8, 1.00, '2026-04-20 16:08:41', '2026-04-20 16:08:41'),
(899, 8, 4, 9, 1.00, '2026-04-20 16:08:41', '2026-04-20 16:08:41'),
(900, 8, 4, 10, 1.00, '2026-04-20 16:08:41', '2026-04-20 16:08:41'),
(901, 8, 5, 1, 1.00, '2026-04-20 16:08:41', '2026-04-20 16:08:41'),
(902, 8, 5, 2, 1.00, '2026-04-20 16:08:41', '2026-04-20 16:08:41'),
(903, 8, 5, 3, 1.00, '2026-04-20 16:08:41', '2026-04-20 16:08:41'),
(904, 8, 5, 4, 1.00, '2026-04-20 16:08:41', '2026-04-20 16:08:41'),
(905, 8, 5, 5, 1.00, '2026-04-20 16:08:41', '2026-04-20 16:08:41'),
(906, 8, 5, 6, 1.00, '2026-04-20 16:08:41', '2026-04-20 16:08:41'),
(907, 8, 5, 7, 1.00, '2026-04-20 16:08:41', '2026-04-20 16:08:41'),
(908, 8, 5, 8, 1.00, '2026-04-20 16:08:41', '2026-04-20 16:08:41'),
(909, 8, 5, 9, 1.00, '2026-04-20 16:08:41', '2026-04-20 16:08:41'),
(910, 8, 5, 10, 1.00, '2026-04-20 16:08:41', '2026-04-20 16:08:41'),
(911, 8, 6, 1, 1.00, '2026-04-20 16:08:41', '2026-04-20 16:08:41'),
(912, 8, 6, 2, 1.00, '2026-04-20 16:08:41', '2026-04-20 16:08:41'),
(913, 8, 6, 3, 1.00, '2026-04-20 16:08:41', '2026-04-20 16:08:41'),
(914, 8, 6, 4, 1.00, '2026-04-20 16:08:41', '2026-04-20 16:08:41'),
(915, 8, 6, 5, 1.00, '2026-04-20 16:08:41', '2026-04-20 16:08:41'),
(916, 8, 6, 6, 1.00, '2026-04-20 16:08:41', '2026-04-20 16:08:41'),
(917, 8, 6, 7, 1.00, '2026-04-20 16:08:41', '2026-04-20 16:08:41'),
(918, 8, 6, 8, 1.00, '2026-04-20 16:08:41', '2026-04-20 16:08:41'),
(919, 8, 6, 9, 1.00, '2026-04-20 16:08:41', '2026-04-20 16:08:41'),
(920, 8, 6, 10, 1.00, '2026-04-20 16:08:41', '2026-04-20 16:08:41'),
(921, 8, 7, 1, 1.00, '2026-04-20 16:08:41', '2026-04-20 16:08:41'),
(922, 8, 7, 2, 1.00, '2026-04-20 16:08:41', '2026-04-20 16:08:41'),
(923, 8, 7, 3, 1.00, '2026-04-20 16:08:41', '2026-04-20 16:08:41'),
(924, 8, 7, 4, 1.00, '2026-04-20 16:08:41', '2026-04-20 16:08:41'),
(925, 8, 7, 5, 1.00, '2026-04-20 16:08:41', '2026-04-20 16:08:41'),
(926, 8, 7, 6, 1.00, '2026-04-20 16:08:41', '2026-04-20 16:08:41'),
(927, 8, 7, 7, 1.00, '2026-04-20 16:08:41', '2026-04-20 16:08:41'),
(928, 8, 7, 8, 1.00, '2026-04-20 16:08:41', '2026-04-20 16:08:41'),
(929, 8, 7, 9, 1.00, '2026-04-20 16:08:41', '2026-04-20 16:08:41'),
(930, 8, 7, 10, 1.00, '2026-04-20 16:08:41', '2026-04-20 16:08:41'),
(931, 8, 8, 1, 1.00, '2026-04-20 16:08:41', '2026-04-20 16:08:41'),
(932, 8, 8, 2, 1.00, '2026-04-20 16:08:41', '2026-04-20 16:08:41'),
(933, 8, 8, 3, 1.00, '2026-04-20 16:08:41', '2026-04-20 16:08:41'),
(934, 8, 8, 4, 1.00, '2026-04-20 16:08:41', '2026-04-20 16:08:41'),
(935, 8, 8, 5, 1.00, '2026-04-20 16:08:41', '2026-04-20 16:08:41'),
(936, 8, 8, 6, 1.00, '2026-04-20 16:08:41', '2026-04-20 16:08:41'),
(937, 8, 8, 7, 1.00, '2026-04-20 16:08:41', '2026-04-20 16:08:41'),
(938, 8, 8, 8, 1.00, '2026-04-20 16:08:41', '2026-04-20 16:08:41'),
(939, 8, 8, 9, 1.00, '2026-04-20 16:08:41', '2026-04-20 16:08:41'),
(940, 8, 8, 10, 1.00, '2026-04-20 16:08:41', '2026-04-20 16:08:41'),
(941, 9, 1, 1, 1.00, '2026-04-20 16:08:41', '2026-04-20 16:08:41'),
(942, 9, 1, 2, 1.00, '2026-04-20 16:08:41', '2026-04-20 16:08:41'),
(943, 9, 1, 3, 1.00, '2026-04-20 16:08:41', '2026-04-20 16:08:41'),
(944, 9, 1, 4, 1.00, '2026-04-20 16:08:41', '2026-04-20 16:08:41'),
(945, 9, 1, 5, 1.00, '2026-04-20 16:08:41', '2026-04-20 16:08:41'),
(946, 9, 1, 6, 1.00, '2026-04-20 16:08:41', '2026-04-20 16:08:41'),
(947, 9, 1, 7, 1.00, '2026-04-20 16:08:41', '2026-04-20 16:08:41'),
(948, 9, 1, 8, 1.00, '2026-04-20 16:08:41', '2026-04-20 16:08:41'),
(949, 9, 1, 9, 1.00, '2026-04-20 16:08:41', '2026-04-20 16:08:41'),
(950, 9, 1, 10, 1.00, '2026-04-20 16:08:41', '2026-04-20 16:08:41'),
(951, 9, 1, 11, 1.00, '2026-04-20 16:08:41', '2026-04-20 16:08:41'),
(952, 9, 1, 12, 1.00, '2026-04-20 16:08:41', '2026-04-20 16:08:41'),
(953, 9, 2, 1, 1.00, '2026-04-20 16:08:41', '2026-04-20 16:08:41'),
(954, 9, 2, 2, 1.00, '2026-04-20 16:08:41', '2026-04-20 16:08:41'),
(955, 9, 2, 3, 1.00, '2026-04-20 16:08:41', '2026-04-20 16:08:41'),
(956, 9, 2, 4, 1.00, '2026-04-20 16:08:41', '2026-04-20 16:08:41'),
(957, 9, 2, 5, 1.00, '2026-04-20 16:08:41', '2026-04-20 16:08:41'),
(958, 9, 2, 6, 1.00, '2026-04-20 16:08:41', '2026-04-20 16:08:41'),
(959, 9, 2, 7, 1.00, '2026-04-20 16:08:41', '2026-04-20 16:08:41'),
(960, 9, 2, 8, 1.00, '2026-04-20 16:08:41', '2026-04-20 16:08:41'),
(961, 9, 2, 9, 1.00, '2026-04-20 16:08:41', '2026-04-20 16:08:41'),
(962, 9, 2, 10, 1.00, '2026-04-20 16:08:41', '2026-04-20 16:08:41'),
(963, 9, 2, 11, 1.00, '2026-04-20 16:08:41', '2026-04-20 16:08:41'),
(964, 9, 2, 12, 1.00, '2026-04-20 16:08:41', '2026-04-20 16:08:41'),
(965, 9, 3, 1, 1.00, '2026-04-20 16:08:41', '2026-04-20 16:08:41'),
(966, 9, 3, 2, 1.00, '2026-04-20 16:08:41', '2026-04-20 16:08:41'),
(967, 9, 3, 3, 1.00, '2026-04-20 16:08:41', '2026-04-20 16:08:41'),
(968, 9, 3, 4, 1.00, '2026-04-20 16:08:41', '2026-04-20 16:08:41'),
(969, 9, 3, 5, 1.00, '2026-04-20 16:08:41', '2026-04-20 16:08:41'),
(970, 9, 3, 6, 1.00, '2026-04-20 16:08:41', '2026-04-20 16:08:41'),
(971, 9, 3, 7, 1.00, '2026-04-20 16:08:41', '2026-04-20 16:08:41'),
(972, 9, 3, 8, 1.00, '2026-04-20 16:08:41', '2026-04-20 16:08:41'),
(973, 9, 3, 9, 1.00, '2026-04-20 16:08:41', '2026-04-20 16:08:41'),
(974, 9, 3, 10, 1.00, '2026-04-20 16:08:41', '2026-04-20 16:08:41'),
(975, 9, 3, 11, 1.00, '2026-04-20 16:08:41', '2026-04-20 16:08:41'),
(976, 9, 3, 12, 1.00, '2026-04-20 16:08:41', '2026-04-20 16:08:41'),
(977, 9, 4, 1, 1.00, '2026-04-20 16:08:41', '2026-04-20 16:08:41'),
(978, 9, 4, 2, 1.00, '2026-04-20 16:08:41', '2026-04-20 16:08:41'),
(979, 9, 4, 3, 1.00, '2026-04-20 16:08:41', '2026-04-20 16:08:41'),
(980, 9, 4, 4, 1.00, '2026-04-20 16:08:41', '2026-04-20 16:08:41'),
(981, 9, 4, 5, 1.00, '2026-04-20 16:08:41', '2026-04-20 16:08:41'),
(982, 9, 4, 6, 1.00, '2026-04-20 16:08:41', '2026-04-20 16:08:41'),
(983, 9, 4, 7, 1.00, '2026-04-20 16:08:41', '2026-04-20 16:08:41'),
(984, 9, 4, 8, 1.00, '2026-04-20 16:08:41', '2026-04-20 16:08:41'),
(985, 9, 4, 9, 1.00, '2026-04-20 16:08:41', '2026-04-20 16:08:41'),
(986, 9, 4, 10, 1.00, '2026-04-20 16:08:41', '2026-04-20 16:08:41'),
(987, 9, 4, 11, 1.00, '2026-04-20 16:08:41', '2026-04-20 16:08:41'),
(988, 9, 4, 12, 1.00, '2026-04-20 16:08:41', '2026-04-20 16:08:41'),
(989, 9, 5, 1, 1.00, '2026-04-20 16:08:41', '2026-04-20 16:08:41'),
(990, 9, 5, 2, 1.00, '2026-04-20 16:08:41', '2026-04-20 16:08:41'),
(991, 9, 5, 3, 1.00, '2026-04-20 16:08:41', '2026-04-20 16:08:41'),
(992, 9, 5, 4, 1.00, '2026-04-20 16:08:41', '2026-04-20 16:08:41'),
(993, 9, 5, 5, 1.00, '2026-04-20 16:08:41', '2026-04-20 16:08:41'),
(994, 9, 5, 6, 1.00, '2026-04-20 16:08:41', '2026-04-20 16:08:41'),
(995, 9, 5, 7, 1.00, '2026-04-20 16:08:41', '2026-04-20 16:08:41'),
(996, 9, 5, 8, 1.00, '2026-04-20 16:08:41', '2026-04-20 16:08:41'),
(997, 9, 5, 9, 1.00, '2026-04-20 16:08:41', '2026-04-20 16:08:41'),
(998, 9, 5, 10, 1.00, '2026-04-20 16:08:41', '2026-04-20 16:08:41'),
(999, 9, 5, 11, 1.00, '2026-04-20 16:08:41', '2026-04-20 16:08:41'),
(1000, 9, 5, 12, 1.00, '2026-04-20 16:08:41', '2026-04-20 16:08:41'),
(1001, 9, 6, 1, 1.00, '2026-04-20 16:08:41', '2026-04-20 16:08:41'),
(1002, 9, 6, 2, 1.00, '2026-04-20 16:08:41', '2026-04-20 16:08:41'),
(1003, 9, 6, 3, 1.00, '2026-04-20 16:08:41', '2026-04-20 16:08:41'),
(1004, 9, 6, 4, 1.00, '2026-04-20 16:08:41', '2026-04-20 16:08:41'),
(1005, 9, 6, 5, 1.00, '2026-04-20 16:08:41', '2026-04-20 16:08:41'),
(1006, 9, 6, 6, 1.00, '2026-04-20 16:08:41', '2026-04-20 16:08:41'),
(1007, 9, 6, 7, 1.00, '2026-04-20 16:08:41', '2026-04-20 16:08:41'),
(1008, 9, 6, 8, 1.00, '2026-04-20 16:08:41', '2026-04-20 16:08:41'),
(1009, 9, 6, 9, 1.00, '2026-04-20 16:08:41', '2026-04-20 16:08:41'),
(1010, 9, 6, 10, 1.00, '2026-04-20 16:08:41', '2026-04-20 16:08:41'),
(1011, 9, 6, 11, 1.00, '2026-04-20 16:08:41', '2026-04-20 16:08:41'),
(1012, 9, 6, 12, 1.00, '2026-04-20 16:08:41', '2026-04-20 16:08:41'),
(1013, 9, 7, 1, 1.00, '2026-04-20 16:08:41', '2026-04-20 16:08:41'),
(1014, 9, 7, 2, 1.00, '2026-04-20 16:08:41', '2026-04-20 16:08:41'),
(1015, 9, 7, 3, 1.00, '2026-04-20 16:08:41', '2026-04-20 16:08:41'),
(1016, 9, 7, 4, 1.00, '2026-04-20 16:08:41', '2026-04-20 16:08:41'),
(1017, 9, 7, 5, 1.00, '2026-04-20 16:08:41', '2026-04-20 16:08:41'),
(1018, 9, 7, 6, 1.00, '2026-04-20 16:08:41', '2026-04-20 16:08:41'),
(1019, 9, 7, 7, 1.00, '2026-04-20 16:08:41', '2026-04-20 16:08:41'),
(1020, 9, 7, 8, 1.00, '2026-04-20 16:08:41', '2026-04-20 16:08:41'),
(1021, 9, 7, 9, 1.00, '2026-04-20 16:08:41', '2026-04-20 16:08:41'),
(1022, 9, 7, 10, 1.00, '2026-04-20 16:08:41', '2026-04-20 16:08:41'),
(1023, 9, 7, 11, 1.00, '2026-04-20 16:08:41', '2026-04-20 16:08:41'),
(1024, 9, 7, 12, 1.00, '2026-04-20 16:08:41', '2026-04-20 16:08:41'),
(1025, 9, 8, 1, 1.00, '2026-04-20 16:08:41', '2026-04-20 16:08:41'),
(1026, 9, 8, 2, 1.00, '2026-04-20 16:08:41', '2026-04-20 16:08:41'),
(1027, 9, 8, 3, 1.00, '2026-04-20 16:08:41', '2026-04-20 16:08:41'),
(1028, 9, 8, 4, 1.00, '2026-04-20 16:08:41', '2026-04-20 16:08:41'),
(1029, 9, 8, 5, 1.00, '2026-04-20 16:08:41', '2026-04-20 16:08:41'),
(1030, 9, 8, 6, 1.00, '2026-04-20 16:08:41', '2026-04-20 16:08:41'),
(1031, 9, 8, 7, 1.00, '2026-04-20 16:08:41', '2026-04-20 16:08:41'),
(1032, 9, 8, 8, 1.00, '2026-04-20 16:08:41', '2026-04-20 16:08:41'),
(1033, 9, 8, 9, 1.00, '2026-04-20 16:08:41', '2026-04-20 16:08:41'),
(1034, 9, 8, 10, 1.00, '2026-04-20 16:08:41', '2026-04-20 16:08:41'),
(1035, 9, 8, 11, 1.00, '2026-04-20 16:08:41', '2026-04-20 16:08:41'),
(1036, 9, 8, 12, 1.00, '2026-04-20 16:08:41', '2026-04-20 16:08:41'),
(1037, 9, 9, 1, 1.00, '2026-04-20 16:08:41', '2026-04-20 16:08:41'),
(1038, 9, 9, 2, 1.00, '2026-04-20 16:08:41', '2026-04-20 16:08:41'),
(1039, 9, 9, 3, 1.00, '2026-04-20 16:08:41', '2026-04-20 16:08:41'),
(1040, 9, 9, 4, 1.00, '2026-04-20 16:08:41', '2026-04-20 16:08:41'),
(1041, 9, 9, 5, 1.00, '2026-04-20 16:08:41', '2026-04-20 16:08:41'),
(1042, 9, 9, 6, 1.00, '2026-04-20 16:08:41', '2026-04-20 16:08:41'),
(1043, 9, 9, 7, 1.00, '2026-04-20 16:08:41', '2026-04-20 16:08:41'),
(1044, 9, 9, 8, 1.00, '2026-04-20 16:08:41', '2026-04-20 16:08:41'),
(1045, 9, 9, 9, 1.00, '2026-04-20 16:08:41', '2026-04-20 16:08:41'),
(1046, 9, 9, 10, 1.00, '2026-04-20 16:08:41', '2026-04-20 16:08:41'),
(1047, 9, 9, 11, 1.00, '2026-04-20 16:08:41', '2026-04-20 16:08:41'),
(1048, 9, 9, 12, 1.00, '2026-04-20 16:08:41', '2026-04-20 16:08:41'),
(1049, 9, 10, 1, 1.00, '2026-04-20 16:08:41', '2026-04-20 16:08:41'),
(1050, 9, 10, 2, 1.00, '2026-04-20 16:08:41', '2026-04-20 16:08:41'),
(1051, 9, 10, 3, 1.00, '2026-04-20 16:08:41', '2026-04-20 16:08:41'),
(1052, 9, 10, 4, 1.00, '2026-04-20 16:08:41', '2026-04-20 16:08:41'),
(1053, 9, 10, 5, 1.00, '2026-04-20 16:08:41', '2026-04-20 16:08:41'),
(1054, 9, 10, 6, 1.00, '2026-04-20 16:08:41', '2026-04-20 16:08:41'),
(1055, 9, 10, 7, 1.00, '2026-04-20 16:08:41', '2026-04-20 16:08:41'),
(1056, 9, 10, 8, 1.00, '2026-04-20 16:08:41', '2026-04-20 16:08:41'),
(1057, 9, 10, 9, 1.00, '2026-04-20 16:08:41', '2026-04-20 16:08:41'),
(1058, 9, 10, 10, 1.00, '2026-04-20 16:08:41', '2026-04-20 16:08:41'),
(1059, 9, 10, 11, 1.00, '2026-04-20 16:08:41', '2026-04-20 16:08:41'),
(1060, 9, 10, 12, 1.00, '2026-04-20 16:08:41', '2026-04-20 16:08:41'),
(1061, 10, 1, 1, 1.00, '2026-04-20 16:08:41', '2026-04-20 16:08:41'),
(1062, 10, 1, 2, 1.00, '2026-04-20 16:08:41', '2026-04-20 16:08:41'),
(1063, 10, 1, 3, 1.00, '2026-04-20 16:08:41', '2026-04-20 16:08:41'),
(1064, 10, 1, 4, 1.00, '2026-04-20 16:08:41', '2026-04-20 16:08:41'),
(1065, 10, 1, 5, 1.00, '2026-04-20 16:08:41', '2026-04-20 16:08:41'),
(1066, 10, 1, 6, 1.00, '2026-04-20 16:08:41', '2026-04-20 16:08:41'),
(1067, 10, 1, 7, 1.00, '2026-04-20 16:08:41', '2026-04-20 16:08:41'),
(1068, 10, 1, 8, 1.00, '2026-04-20 16:08:41', '2026-04-20 16:08:41'),
(1069, 10, 1, 9, 1.00, '2026-04-20 16:08:41', '2026-04-20 16:08:41'),
(1070, 10, 1, 10, 1.00, '2026-04-20 16:08:41', '2026-04-20 16:08:41'),
(1071, 10, 2, 1, 1.00, '2026-04-20 16:08:41', '2026-04-20 16:08:41'),
(1072, 10, 2, 2, 1.00, '2026-04-20 16:08:41', '2026-04-20 16:08:41'),
(1073, 10, 2, 3, 1.00, '2026-04-20 16:08:41', '2026-04-20 16:08:41'),
(1074, 10, 2, 4, 1.00, '2026-04-20 16:08:41', '2026-04-20 16:08:41'),
(1075, 10, 2, 5, 1.00, '2026-04-20 16:08:41', '2026-04-20 16:08:41'),
(1076, 10, 2, 6, 1.00, '2026-04-20 16:08:41', '2026-04-20 16:08:41'),
(1077, 10, 2, 7, 1.00, '2026-04-20 16:08:41', '2026-04-20 16:08:41'),
(1078, 10, 2, 8, 1.00, '2026-04-20 16:08:41', '2026-04-20 16:08:41'),
(1079, 10, 2, 9, 1.00, '2026-04-20 16:08:41', '2026-04-20 16:08:41'),
(1080, 10, 2, 10, 1.00, '2026-04-20 16:08:41', '2026-04-20 16:08:41'),
(1081, 10, 3, 1, 1.00, '2026-04-20 16:08:41', '2026-04-20 16:08:41'),
(1082, 10, 3, 2, 1.00, '2026-04-20 16:08:41', '2026-04-20 16:08:41'),
(1083, 10, 3, 3, 1.00, '2026-04-20 16:08:41', '2026-04-20 16:08:41'),
(1084, 10, 3, 4, 1.00, '2026-04-20 16:08:41', '2026-04-20 16:08:41'),
(1085, 10, 3, 5, 1.00, '2026-04-20 16:08:41', '2026-04-20 16:08:41'),
(1086, 10, 3, 6, 1.00, '2026-04-20 16:08:41', '2026-04-20 16:08:41'),
(1087, 10, 3, 7, 1.00, '2026-04-20 16:08:41', '2026-04-20 16:08:41'),
(1088, 10, 3, 8, 1.00, '2026-04-20 16:08:41', '2026-04-20 16:08:41'),
(1089, 10, 3, 9, 1.00, '2026-04-20 16:08:41', '2026-04-20 16:08:41'),
(1090, 10, 3, 10, 1.00, '2026-04-20 16:08:41', '2026-04-20 16:08:41'),
(1091, 10, 4, 1, 1.00, '2026-04-20 16:08:41', '2026-04-20 16:08:41'),
(1092, 10, 4, 2, 1.00, '2026-04-20 16:08:41', '2026-04-20 16:08:41'),
(1093, 10, 4, 3, 1.00, '2026-04-20 16:08:41', '2026-04-20 16:08:41'),
(1094, 10, 4, 4, 1.00, '2026-04-20 16:08:41', '2026-04-20 16:08:41'),
(1095, 10, 4, 5, 1.00, '2026-04-20 16:08:41', '2026-04-20 16:08:41'),
(1096, 10, 4, 6, 1.00, '2026-04-20 16:08:41', '2026-04-20 16:08:41'),
(1097, 10, 4, 7, 1.00, '2026-04-20 16:08:41', '2026-04-20 16:08:41'),
(1098, 10, 4, 8, 1.00, '2026-04-20 16:08:41', '2026-04-20 16:08:41'),
(1099, 10, 4, 9, 1.00, '2026-04-20 16:08:41', '2026-04-20 16:08:41'),
(1100, 10, 4, 10, 1.00, '2026-04-20 16:08:41', '2026-04-20 16:08:41'),
(1101, 10, 5, 1, 1.00, '2026-04-20 16:08:41', '2026-04-20 16:08:41'),
(1102, 10, 5, 2, 1.00, '2026-04-20 16:08:41', '2026-04-20 16:08:41'),
(1103, 10, 5, 3, 1.00, '2026-04-20 16:08:41', '2026-04-20 16:08:41'),
(1104, 10, 5, 4, 1.00, '2026-04-20 16:08:41', '2026-04-20 16:08:41'),
(1105, 10, 5, 5, 1.00, '2026-04-20 16:08:41', '2026-04-20 16:08:41'),
(1106, 10, 5, 6, 1.00, '2026-04-20 16:08:41', '2026-04-20 16:08:41'),
(1107, 10, 5, 7, 1.00, '2026-04-20 16:08:41', '2026-04-20 16:08:41'),
(1108, 10, 5, 8, 1.00, '2026-04-20 16:08:41', '2026-04-20 16:08:41'),
(1109, 10, 5, 9, 1.00, '2026-04-20 16:08:41', '2026-04-20 16:08:41'),
(1110, 10, 5, 10, 1.00, '2026-04-20 16:08:41', '2026-04-20 16:08:41'),
(1111, 10, 6, 1, 1.00, '2026-04-20 16:08:41', '2026-04-20 16:08:41'),
(1112, 10, 6, 2, 1.00, '2026-04-20 16:08:41', '2026-04-20 16:08:41'),
(1113, 10, 6, 3, 1.00, '2026-04-20 16:08:41', '2026-04-20 16:08:41'),
(1114, 10, 6, 4, 1.00, '2026-04-20 16:08:41', '2026-04-20 16:08:41'),
(1115, 10, 6, 5, 1.00, '2026-04-20 16:08:41', '2026-04-20 16:08:41'),
(1116, 10, 6, 6, 1.00, '2026-04-20 16:08:41', '2026-04-20 16:08:41'),
(1117, 10, 6, 7, 1.00, '2026-04-20 16:08:41', '2026-04-20 16:08:41'),
(1118, 10, 6, 8, 1.00, '2026-04-20 16:08:41', '2026-04-20 16:08:41'),
(1119, 10, 6, 9, 1.00, '2026-04-20 16:08:41', '2026-04-20 16:08:41'),
(1120, 10, 6, 10, 1.00, '2026-04-20 16:08:41', '2026-04-20 16:08:41'),
(1121, 11, 1, 1, 1.00, '2026-04-20 16:08:41', '2026-04-20 16:08:41'),
(1122, 11, 1, 2, 1.00, '2026-04-20 16:08:41', '2026-04-20 16:08:41'),
(1123, 11, 1, 3, 1.00, '2026-04-20 16:08:41', '2026-04-20 16:08:41'),
(1124, 11, 1, 4, 1.00, '2026-04-20 16:08:41', '2026-04-20 16:08:41'),
(1125, 11, 1, 5, 1.00, '2026-04-20 16:08:41', '2026-04-20 16:08:41'),
(1126, 11, 1, 6, 1.00, '2026-04-20 16:08:41', '2026-04-20 16:08:41'),
(1127, 11, 1, 7, 1.00, '2026-04-20 16:08:41', '2026-04-20 16:08:41'),
(1128, 11, 1, 8, 1.00, '2026-04-20 16:08:41', '2026-04-20 16:08:41'),
(1129, 11, 2, 1, 1.00, '2026-04-20 16:08:41', '2026-04-20 16:08:41'),
(1130, 11, 2, 2, 1.00, '2026-04-20 16:08:41', '2026-04-20 16:08:41'),
(1131, 11, 2, 3, 1.00, '2026-04-20 16:08:41', '2026-04-20 16:08:41'),
(1132, 11, 2, 4, 1.00, '2026-04-20 16:08:41', '2026-04-20 16:08:41'),
(1133, 11, 2, 5, 1.00, '2026-04-20 16:08:41', '2026-04-20 16:08:41'),
(1134, 11, 2, 6, 1.00, '2026-04-20 16:08:41', '2026-04-20 16:08:41'),
(1135, 11, 2, 7, 1.00, '2026-04-20 16:08:41', '2026-04-20 16:08:41'),
(1136, 11, 2, 8, 1.00, '2026-04-20 16:08:41', '2026-04-20 16:08:41'),
(1137, 11, 3, 1, 1.00, '2026-04-20 16:08:41', '2026-04-20 16:08:41'),
(1138, 11, 3, 2, 1.00, '2026-04-20 16:08:41', '2026-04-20 16:08:41'),
(1139, 11, 3, 3, 1.00, '2026-04-20 16:08:41', '2026-04-20 16:08:41'),
(1140, 11, 3, 4, 1.00, '2026-04-20 16:08:41', '2026-04-20 16:08:41'),
(1141, 11, 3, 5, 1.00, '2026-04-20 16:08:41', '2026-04-20 16:08:41'),
(1142, 11, 3, 6, 1.00, '2026-04-20 16:08:41', '2026-04-20 16:08:41'),
(1143, 11, 3, 7, 1.00, '2026-04-20 16:08:41', '2026-04-20 16:08:41'),
(1144, 11, 3, 8, 1.00, '2026-04-20 16:08:41', '2026-04-20 16:08:41'),
(1145, 11, 4, 1, 1.00, '2026-04-20 16:08:41', '2026-04-20 16:08:41'),
(1146, 11, 4, 2, 1.00, '2026-04-20 16:08:41', '2026-04-20 16:08:41'),
(1147, 11, 4, 3, 1.00, '2026-04-20 16:08:41', '2026-04-20 16:08:41'),
(1148, 11, 4, 4, 1.00, '2026-04-20 16:08:41', '2026-04-20 16:08:41'),
(1149, 11, 4, 5, 1.00, '2026-04-20 16:08:41', '2026-04-20 16:08:41'),
(1150, 11, 4, 6, 1.00, '2026-04-20 16:08:41', '2026-04-20 16:08:41'),
(1151, 11, 4, 7, 1.00, '2026-04-20 16:08:41', '2026-04-20 16:08:41'),
(1152, 11, 4, 8, 1.00, '2026-04-20 16:08:41', '2026-04-20 16:08:41'),
(1153, 11, 5, 1, 1.00, '2026-04-20 16:08:41', '2026-04-20 16:08:41'),
(1154, 11, 5, 2, 1.00, '2026-04-20 16:08:41', '2026-04-20 16:08:41'),
(1155, 11, 5, 3, 1.00, '2026-04-20 16:08:41', '2026-04-20 16:08:41'),
(1156, 11, 5, 4, 1.00, '2026-04-20 16:08:41', '2026-04-20 16:08:41'),
(1157, 11, 5, 5, 1.00, '2026-04-20 16:08:41', '2026-04-20 16:08:41'),
(1158, 11, 5, 6, 1.00, '2026-04-20 16:08:41', '2026-04-20 16:08:41'),
(1159, 11, 5, 7, 1.00, '2026-04-20 16:08:41', '2026-04-20 16:08:41'),
(1160, 11, 5, 8, 1.00, '2026-04-20 16:08:41', '2026-04-20 16:08:41'),
(1161, 11, 6, 1, 1.00, '2026-04-20 16:08:41', '2026-04-20 16:08:41'),
(1162, 11, 6, 2, 1.00, '2026-04-20 16:08:41', '2026-04-20 16:08:41'),
(1163, 11, 6, 3, 1.00, '2026-04-20 16:08:41', '2026-04-20 16:08:41'),
(1164, 11, 6, 4, 1.00, '2026-04-20 16:08:41', '2026-04-20 16:08:41'),
(1165, 11, 6, 5, 1.00, '2026-04-20 16:08:41', '2026-04-20 16:08:41'),
(1166, 11, 6, 6, 1.00, '2026-04-20 16:08:41', '2026-04-20 16:08:41'),
(1167, 11, 6, 7, 1.00, '2026-04-20 16:08:41', '2026-04-20 16:08:41'),
(1168, 11, 6, 8, 1.00, '2026-04-20 16:08:41', '2026-04-20 16:08:41'),
(1169, 12, 1, 1, 1.00, '2026-04-20 16:08:41', '2026-04-20 16:08:41'),
(1170, 12, 1, 2, 1.00, '2026-04-20 16:08:41', '2026-04-20 16:08:41'),
(1171, 12, 1, 3, 1.00, '2026-04-20 16:08:41', '2026-04-20 16:08:41'),
(1172, 12, 1, 4, 1.00, '2026-04-20 16:08:41', '2026-04-20 16:08:41'),
(1173, 12, 1, 5, 1.00, '2026-04-20 16:08:41', '2026-04-20 16:08:41'),
(1174, 12, 1, 6, 1.00, '2026-04-20 16:08:41', '2026-04-20 16:08:41'),
(1175, 12, 1, 7, 1.00, '2026-04-20 16:08:41', '2026-04-20 16:08:41'),
(1176, 12, 1, 8, 1.00, '2026-04-20 16:08:41', '2026-04-20 16:08:41'),
(1177, 12, 1, 9, 1.00, '2026-04-20 16:08:41', '2026-04-20 16:08:41'),
(1178, 12, 1, 10, 1.00, '2026-04-20 16:08:41', '2026-04-20 16:08:41'),
(1179, 12, 2, 1, 1.00, '2026-04-20 16:08:41', '2026-04-20 16:08:41'),
(1180, 12, 2, 2, 1.00, '2026-04-20 16:08:41', '2026-04-20 16:08:41'),
(1181, 12, 2, 3, 1.00, '2026-04-20 16:08:41', '2026-04-20 16:08:41'),
(1182, 12, 2, 4, 1.00, '2026-04-20 16:08:41', '2026-04-20 16:08:41'),
(1183, 12, 2, 5, 1.00, '2026-04-20 16:08:41', '2026-04-20 16:08:41'),
(1184, 12, 2, 6, 1.00, '2026-04-20 16:08:41', '2026-04-20 16:08:41'),
(1185, 12, 2, 7, 1.00, '2026-04-20 16:08:41', '2026-04-20 16:08:41'),
(1186, 12, 2, 8, 1.00, '2026-04-20 16:08:41', '2026-04-20 16:08:41'),
(1187, 12, 2, 9, 1.00, '2026-04-20 16:08:41', '2026-04-20 16:08:41'),
(1188, 12, 2, 10, 1.00, '2026-04-20 16:08:41', '2026-04-20 16:08:41'),
(1189, 12, 3, 1, 1.00, '2026-04-20 16:08:41', '2026-04-20 16:08:41'),
(1190, 12, 3, 2, 1.00, '2026-04-20 16:08:41', '2026-04-20 16:08:41'),
(1191, 12, 3, 3, 1.00, '2026-04-20 16:08:41', '2026-04-20 16:08:41'),
(1192, 12, 3, 4, 1.00, '2026-04-20 16:08:41', '2026-04-20 16:08:41'),
(1193, 12, 3, 5, 1.00, '2026-04-20 16:08:41', '2026-04-20 16:08:41'),
(1194, 12, 3, 6, 1.00, '2026-04-20 16:08:41', '2026-04-20 16:08:41'),
(1195, 12, 3, 7, 1.00, '2026-04-20 16:08:41', '2026-04-20 16:08:41'),
(1196, 12, 3, 8, 1.00, '2026-04-20 16:08:41', '2026-04-20 16:08:41'),
(1197, 12, 3, 9, 1.00, '2026-04-20 16:08:41', '2026-04-20 16:08:41'),
(1198, 12, 3, 10, 1.00, '2026-04-20 16:08:41', '2026-04-20 16:08:41'),
(1199, 12, 4, 1, 1.00, '2026-04-20 16:08:41', '2026-04-20 16:08:41'),
(1200, 12, 4, 2, 1.00, '2026-04-20 16:08:41', '2026-04-20 16:08:41'),
(1201, 12, 4, 3, 1.00, '2026-04-20 16:08:41', '2026-04-20 16:08:41'),
(1202, 12, 4, 4, 1.00, '2026-04-20 16:08:41', '2026-04-20 16:08:41'),
(1203, 12, 4, 5, 1.00, '2026-04-20 16:08:41', '2026-04-20 16:08:41'),
(1204, 12, 4, 6, 1.00, '2026-04-20 16:08:41', '2026-04-20 16:08:41'),
(1205, 12, 4, 7, 1.00, '2026-04-20 16:08:41', '2026-04-20 16:08:41'),
(1206, 12, 4, 8, 1.00, '2026-04-20 16:08:41', '2026-04-20 16:08:41'),
(1207, 12, 4, 9, 1.00, '2026-04-20 16:08:41', '2026-04-20 16:08:41'),
(1208, 12, 4, 10, 1.00, '2026-04-20 16:08:41', '2026-04-20 16:08:41'),
(1209, 12, 5, 1, 1.00, '2026-04-20 16:08:41', '2026-04-20 16:08:41'),
(1210, 12, 5, 2, 1.00, '2026-04-20 16:08:41', '2026-04-20 16:08:41'),
(1211, 12, 5, 3, 1.00, '2026-04-20 16:08:41', '2026-04-20 16:08:41'),
(1212, 12, 5, 4, 1.00, '2026-04-20 16:08:41', '2026-04-20 16:08:41'),
(1213, 12, 5, 5, 1.00, '2026-04-20 16:08:41', '2026-04-20 16:08:41'),
(1214, 12, 5, 6, 1.00, '2026-04-20 16:08:41', '2026-04-20 16:08:41'),
(1215, 12, 5, 7, 1.00, '2026-04-20 16:08:41', '2026-04-20 16:08:41'),
(1216, 12, 5, 8, 1.00, '2026-04-20 16:08:41', '2026-04-20 16:08:41'),
(1217, 12, 5, 9, 1.00, '2026-04-20 16:08:41', '2026-04-20 16:08:41'),
(1218, 12, 5, 10, 1.00, '2026-04-20 16:08:41', '2026-04-20 16:08:41'),
(1219, 12, 6, 1, 1.00, '2026-04-20 16:08:41', '2026-04-20 16:08:41'),
(1220, 12, 6, 2, 1.00, '2026-04-20 16:08:41', '2026-04-20 16:08:41'),
(1221, 12, 6, 3, 1.00, '2026-04-20 16:08:41', '2026-04-20 16:08:41'),
(1222, 12, 6, 4, 1.00, '2026-04-20 16:08:41', '2026-04-20 16:08:41'),
(1223, 12, 6, 5, 1.00, '2026-04-20 16:08:41', '2026-04-20 16:08:41'),
(1224, 12, 6, 6, 1.00, '2026-04-20 16:08:41', '2026-04-20 16:08:41'),
(1225, 12, 6, 7, 1.00, '2026-04-20 16:08:41', '2026-04-20 16:08:41'),
(1226, 12, 6, 8, 1.00, '2026-04-20 16:08:41', '2026-04-20 16:08:41'),
(1227, 12, 6, 9, 1.00, '2026-04-20 16:08:41', '2026-04-20 16:08:41'),
(1228, 12, 6, 10, 1.00, '2026-04-20 16:08:41', '2026-04-20 16:08:41'),
(1229, 12, 7, 1, 1.00, '2026-04-20 16:08:41', '2026-04-20 16:08:41'),
(1230, 12, 7, 2, 1.00, '2026-04-20 16:08:41', '2026-04-20 16:08:41'),
(1231, 12, 7, 3, 1.00, '2026-04-20 16:08:41', '2026-04-20 16:08:41'),
(1232, 12, 7, 4, 1.00, '2026-04-20 16:08:41', '2026-04-20 16:08:41'),
(1233, 12, 7, 5, 1.00, '2026-04-20 16:08:41', '2026-04-20 16:08:41'),
(1234, 12, 7, 6, 1.00, '2026-04-20 16:08:41', '2026-04-20 16:08:41'),
(1235, 12, 7, 7, 1.00, '2026-04-20 16:08:41', '2026-04-20 16:08:41'),
(1236, 12, 7, 8, 1.00, '2026-04-20 16:08:41', '2026-04-20 16:08:41'),
(1237, 12, 7, 9, 1.00, '2026-04-20 16:08:41', '2026-04-20 16:08:41'),
(1238, 12, 7, 10, 1.00, '2026-04-20 16:08:41', '2026-04-20 16:08:41'),
(1239, 12, 8, 1, 1.00, '2026-04-20 16:08:41', '2026-04-20 16:08:41'),
(1240, 12, 8, 2, 1.00, '2026-04-20 16:08:41', '2026-04-20 16:08:41'),
(1241, 12, 8, 3, 1.00, '2026-04-20 16:08:41', '2026-04-20 16:08:41'),
(1242, 12, 8, 4, 1.00, '2026-04-20 16:08:41', '2026-04-20 16:08:41'),
(1243, 12, 8, 5, 1.00, '2026-04-20 16:08:41', '2026-04-20 16:08:41'),
(1244, 12, 8, 6, 1.00, '2026-04-20 16:08:41', '2026-04-20 16:08:41'),
(1245, 12, 8, 7, 1.00, '2026-04-20 16:08:41', '2026-04-20 16:08:41'),
(1246, 12, 8, 8, 1.00, '2026-04-20 16:08:41', '2026-04-20 16:08:41'),
(1247, 12, 8, 9, 1.00, '2026-04-20 16:08:41', '2026-04-20 16:08:41'),
(1248, 12, 8, 10, 1.00, '2026-04-20 16:08:41', '2026-04-20 16:08:41'),
(1249, 12, 9, 1, 1.00, '2026-04-20 16:08:41', '2026-04-20 16:08:41'),
(1250, 12, 9, 2, 1.00, '2026-04-20 16:08:41', '2026-04-20 16:08:41'),
(1251, 12, 9, 3, 1.00, '2026-04-20 16:08:41', '2026-04-20 16:08:41'),
(1252, 12, 9, 4, 1.00, '2026-04-20 16:08:41', '2026-04-20 16:08:41'),
(1253, 12, 9, 5, 1.00, '2026-04-20 16:08:41', '2026-04-20 16:08:41'),
(1254, 12, 9, 6, 1.00, '2026-04-20 16:08:41', '2026-04-20 16:08:41'),
(1255, 12, 9, 7, 1.00, '2026-04-20 16:08:41', '2026-04-20 16:08:41'),
(1256, 12, 9, 8, 1.00, '2026-04-20 16:08:41', '2026-04-20 16:08:41'),
(1257, 12, 9, 9, 1.00, '2026-04-20 16:08:41', '2026-04-20 16:08:41'),
(1258, 12, 9, 10, 1.00, '2026-04-20 16:08:41', '2026-04-20 16:08:41'),
(1259, 12, 10, 1, 1.00, '2026-04-20 16:08:41', '2026-04-20 16:08:41'),
(1260, 12, 10, 2, 1.00, '2026-04-20 16:08:41', '2026-04-20 16:08:41'),
(1261, 12, 10, 3, 1.00, '2026-04-20 16:08:41', '2026-04-20 16:08:41'),
(1262, 12, 10, 4, 1.00, '2026-04-20 16:08:41', '2026-04-20 16:08:41'),
(1263, 12, 10, 5, 1.00, '2026-04-20 16:08:41', '2026-04-20 16:08:41'),
(1264, 12, 10, 6, 1.00, '2026-04-20 16:08:41', '2026-04-20 16:08:41'),
(1265, 12, 10, 7, 1.00, '2026-04-20 16:08:41', '2026-04-20 16:08:41'),
(1266, 12, 10, 8, 1.00, '2026-04-20 16:08:41', '2026-04-20 16:08:41'),
(1267, 12, 10, 9, 1.00, '2026-04-20 16:08:41', '2026-04-20 16:08:41'),
(1268, 12, 10, 10, 1.00, '2026-04-20 16:08:41', '2026-04-20 16:08:41'),
(1269, 13, 1, 1, 1.00, '2026-04-20 16:08:41', '2026-04-20 16:08:41'),
(1270, 13, 1, 2, 1.00, '2026-04-20 16:08:41', '2026-04-20 16:08:41'),
(1271, 13, 1, 3, 1.00, '2026-04-20 16:08:41', '2026-04-20 16:08:41'),
(1272, 13, 1, 4, 1.00, '2026-04-20 16:08:41', '2026-04-20 16:08:41'),
(1273, 13, 1, 5, 1.00, '2026-04-20 16:08:41', '2026-04-20 16:08:41'),
(1274, 13, 1, 6, 1.00, '2026-04-20 16:08:41', '2026-04-20 16:08:41'),
(1275, 13, 1, 7, 1.00, '2026-04-20 16:08:41', '2026-04-20 16:08:41'),
(1276, 13, 1, 8, 1.00, '2026-04-20 16:08:41', '2026-04-20 16:08:41'),
(1277, 13, 1, 9, 1.00, '2026-04-20 16:08:41', '2026-04-20 16:08:41'),
(1278, 13, 1, 10, 1.00, '2026-04-20 16:08:41', '2026-04-20 16:08:41'),
(1279, 13, 2, 1, 1.00, '2026-04-20 16:08:41', '2026-04-20 16:08:41'),
(1280, 13, 2, 2, 1.00, '2026-04-20 16:08:41', '2026-04-20 16:08:41'),
(1281, 13, 2, 3, 1.00, '2026-04-20 16:08:41', '2026-04-20 16:08:41'),
(1282, 13, 2, 4, 1.00, '2026-04-20 16:08:41', '2026-04-20 16:08:41'),
(1283, 13, 2, 5, 1.00, '2026-04-20 16:08:41', '2026-04-20 16:08:41'),
(1284, 13, 2, 6, 1.00, '2026-04-20 16:08:41', '2026-04-20 16:08:41'),
(1285, 13, 2, 7, 1.00, '2026-04-20 16:08:41', '2026-04-20 16:08:41'),
(1286, 13, 2, 8, 1.00, '2026-04-20 16:08:42', '2026-04-20 16:08:42'),
(1287, 13, 2, 9, 1.00, '2026-04-20 16:08:42', '2026-04-20 16:08:42'),
(1288, 13, 2, 10, 1.00, '2026-04-20 16:08:42', '2026-04-20 16:08:42'),
(1289, 13, 3, 1, 1.00, '2026-04-20 16:08:42', '2026-04-20 16:08:42'),
(1290, 13, 3, 2, 1.00, '2026-04-20 16:08:42', '2026-04-20 16:08:42'),
(1291, 13, 3, 3, 1.00, '2026-04-20 16:08:42', '2026-04-20 16:08:42'),
(1292, 13, 3, 4, 1.00, '2026-04-20 16:08:42', '2026-04-20 16:08:42'),
(1293, 13, 3, 5, 1.00, '2026-04-20 16:08:42', '2026-04-20 16:08:42'),
(1294, 13, 3, 6, 1.00, '2026-04-20 16:08:42', '2026-04-20 16:08:42'),
(1295, 13, 3, 7, 1.00, '2026-04-20 16:08:42', '2026-04-20 16:08:42'),
(1296, 13, 3, 8, 1.00, '2026-04-20 16:08:42', '2026-04-20 16:08:42'),
(1297, 13, 3, 9, 1.00, '2026-04-20 16:08:42', '2026-04-20 16:08:42'),
(1298, 13, 3, 10, 1.00, '2026-04-20 16:08:42', '2026-04-20 16:08:42'),
(1299, 13, 4, 1, 1.00, '2026-04-20 16:08:42', '2026-04-20 16:08:42'),
(1300, 13, 4, 2, 1.00, '2026-04-20 16:08:42', '2026-04-20 16:08:42'),
(1301, 13, 4, 3, 1.00, '2026-04-20 16:08:42', '2026-04-20 16:08:42'),
(1302, 13, 4, 4, 1.00, '2026-04-20 16:08:42', '2026-04-20 16:08:42'),
(1303, 13, 4, 5, 1.00, '2026-04-20 16:08:42', '2026-04-20 16:08:42'),
(1304, 13, 4, 6, 1.00, '2026-04-20 16:08:42', '2026-04-20 16:08:42'),
(1305, 13, 4, 7, 1.00, '2026-04-20 16:08:42', '2026-04-20 16:08:42'),
(1306, 13, 4, 8, 1.00, '2026-04-20 16:08:42', '2026-04-20 16:08:42'),
(1307, 13, 4, 9, 1.00, '2026-04-20 16:08:42', '2026-04-20 16:08:42'),
(1308, 13, 4, 10, 1.00, '2026-04-20 16:08:42', '2026-04-20 16:08:42'),
(1309, 13, 5, 1, 1.00, '2026-04-20 16:08:42', '2026-04-20 16:08:42'),
(1310, 13, 5, 2, 1.00, '2026-04-20 16:08:42', '2026-04-20 16:08:42'),
(1311, 13, 5, 3, 1.00, '2026-04-20 16:08:42', '2026-04-20 16:08:42'),
(1312, 13, 5, 4, 1.00, '2026-04-20 16:08:42', '2026-04-20 16:08:42'),
(1313, 13, 5, 5, 1.00, '2026-04-20 16:08:42', '2026-04-20 16:08:42'),
(1314, 13, 5, 6, 1.00, '2026-04-20 16:08:42', '2026-04-20 16:08:42'),
(1315, 13, 5, 7, 1.00, '2026-04-20 16:08:42', '2026-04-20 16:08:42'),
(1316, 13, 5, 8, 1.00, '2026-04-20 16:08:42', '2026-04-20 16:08:42'),
(1317, 13, 5, 9, 1.00, '2026-04-20 16:08:42', '2026-04-20 16:08:42'),
(1318, 13, 5, 10, 1.00, '2026-04-20 16:08:42', '2026-04-20 16:08:42'),
(1319, 13, 6, 1, 1.00, '2026-04-20 16:08:42', '2026-04-20 16:08:42'),
(1320, 13, 6, 2, 1.00, '2026-04-20 16:08:42', '2026-04-20 16:08:42'),
(1321, 13, 6, 3, 1.00, '2026-04-20 16:08:42', '2026-04-20 16:08:42'),
(1322, 13, 6, 4, 1.00, '2026-04-20 16:08:42', '2026-04-20 16:08:42'),
(1323, 13, 6, 5, 1.00, '2026-04-20 16:08:42', '2026-04-20 16:08:42'),
(1324, 13, 6, 6, 1.00, '2026-04-20 16:08:42', '2026-04-20 16:08:42'),
(1325, 13, 6, 7, 1.00, '2026-04-20 16:08:42', '2026-04-20 16:08:42'),
(1326, 13, 6, 8, 1.00, '2026-04-20 16:08:42', '2026-04-20 16:08:42'),
(1327, 13, 6, 9, 1.00, '2026-04-20 16:08:42', '2026-04-20 16:08:42'),
(1328, 13, 6, 10, 1.00, '2026-04-20 16:08:42', '2026-04-20 16:08:42'),
(1329, 13, 7, 1, 1.00, '2026-04-20 16:08:42', '2026-04-20 16:08:42'),
(1330, 13, 7, 2, 1.00, '2026-04-20 16:08:42', '2026-04-20 16:08:42'),
(1331, 13, 7, 3, 1.00, '2026-04-20 16:08:42', '2026-04-20 16:08:42'),
(1332, 13, 7, 4, 1.00, '2026-04-20 16:08:42', '2026-04-20 16:08:42'),
(1333, 13, 7, 5, 1.00, '2026-04-20 16:08:42', '2026-04-20 16:08:42'),
(1334, 13, 7, 6, 1.00, '2026-04-20 16:08:42', '2026-04-20 16:08:42'),
(1335, 13, 7, 7, 1.00, '2026-04-20 16:08:42', '2026-04-20 16:08:42'),
(1336, 13, 7, 8, 1.00, '2026-04-20 16:08:42', '2026-04-20 16:08:42'),
(1337, 13, 7, 9, 1.00, '2026-04-20 16:08:42', '2026-04-20 16:08:42'),
(1338, 13, 7, 10, 1.00, '2026-04-20 16:08:42', '2026-04-20 16:08:42'),
(1339, 13, 8, 1, 1.00, '2026-04-20 16:08:42', '2026-04-20 16:08:42'),
(1340, 13, 8, 2, 1.00, '2026-04-20 16:08:42', '2026-04-20 16:08:42'),
(1341, 13, 8, 3, 1.00, '2026-04-20 16:08:42', '2026-04-20 16:08:42'),
(1342, 13, 8, 4, 1.00, '2026-04-20 16:08:42', '2026-04-20 16:08:42'),
(1343, 13, 8, 5, 1.00, '2026-04-20 16:08:42', '2026-04-20 16:08:42'),
(1344, 13, 8, 6, 1.00, '2026-04-20 16:08:42', '2026-04-20 16:08:42'),
(1345, 13, 8, 7, 1.00, '2026-04-20 16:08:42', '2026-04-20 16:08:42'),
(1346, 13, 8, 8, 1.00, '2026-04-20 16:08:42', '2026-04-20 16:08:42'),
(1347, 13, 8, 9, 1.00, '2026-04-20 16:08:42', '2026-04-20 16:08:42'),
(1348, 13, 8, 10, 1.00, '2026-04-20 16:08:42', '2026-04-20 16:08:42'),
(1349, 13, 9, 1, 1.00, '2026-04-20 16:08:42', '2026-04-20 16:08:42'),
(1350, 13, 9, 2, 1.00, '2026-04-20 16:08:42', '2026-04-20 16:08:42'),
(1351, 13, 9, 3, 1.00, '2026-04-20 16:08:42', '2026-04-20 16:08:42'),
(1352, 13, 9, 4, 1.00, '2026-04-20 16:08:42', '2026-04-20 16:08:42'),
(1353, 13, 9, 5, 1.00, '2026-04-20 16:08:42', '2026-04-20 16:08:42'),
(1354, 13, 9, 6, 1.00, '2026-04-20 16:08:42', '2026-04-20 16:08:42'),
(1355, 13, 9, 7, 1.00, '2026-04-20 16:08:42', '2026-04-20 16:08:42'),
(1356, 13, 9, 8, 1.00, '2026-04-20 16:08:42', '2026-04-20 16:08:42'),
(1357, 13, 9, 9, 1.00, '2026-04-20 16:08:42', '2026-04-20 16:08:42'),
(1358, 13, 9, 10, 1.00, '2026-04-20 16:08:42', '2026-04-20 16:08:42'),
(1359, 13, 10, 1, 1.00, '2026-04-20 16:08:42', '2026-04-20 16:08:42'),
(1360, 13, 10, 2, 1.00, '2026-04-20 16:08:42', '2026-04-20 16:08:42'),
(1361, 13, 10, 3, 1.00, '2026-04-20 16:08:42', '2026-04-20 16:08:42'),
(1362, 13, 10, 4, 1.00, '2026-04-20 16:08:42', '2026-04-20 16:08:42'),
(1363, 13, 10, 5, 1.00, '2026-04-20 16:08:42', '2026-04-20 16:08:42'),
(1364, 13, 10, 6, 1.00, '2026-04-20 16:08:42', '2026-04-20 16:08:42'),
(1365, 13, 10, 7, 1.00, '2026-04-20 16:08:42', '2026-04-20 16:08:42'),
(1366, 13, 10, 8, 1.00, '2026-04-20 16:08:42', '2026-04-20 16:08:42'),
(1367, 13, 10, 9, 1.00, '2026-04-20 16:08:42', '2026-04-20 16:08:42'),
(1368, 13, 10, 10, 1.00, '2026-04-20 16:08:42', '2026-04-20 16:08:42'),
(1369, 13, 11, 1, 1.00, '2026-04-20 16:08:42', '2026-04-20 16:08:42'),
(1370, 13, 11, 2, 1.00, '2026-04-20 16:08:42', '2026-04-20 16:08:42'),
(1371, 13, 11, 3, 1.00, '2026-04-20 16:08:42', '2026-04-20 16:08:42'),
(1372, 13, 11, 4, 1.00, '2026-04-20 16:08:42', '2026-04-20 16:08:42'),
(1373, 13, 11, 5, 1.00, '2026-04-20 16:08:42', '2026-04-20 16:08:42'),
(1374, 13, 11, 6, 1.00, '2026-04-20 16:08:42', '2026-04-20 16:08:42'),
(1375, 13, 11, 7, 1.00, '2026-04-20 16:08:42', '2026-04-20 16:08:42'),
(1376, 13, 11, 8, 1.00, '2026-04-20 16:08:42', '2026-04-20 16:08:42'),
(1377, 13, 11, 9, 1.00, '2026-04-20 16:08:42', '2026-04-20 16:08:42'),
(1378, 13, 11, 10, 1.00, '2026-04-20 16:08:42', '2026-04-20 16:08:42'),
(1379, 13, 12, 1, 1.00, '2026-04-20 16:08:42', '2026-04-20 16:08:42'),
(1380, 13, 12, 2, 1.00, '2026-04-20 16:08:42', '2026-04-20 16:08:42'),
(1381, 13, 12, 3, 1.00, '2026-04-20 16:08:42', '2026-04-20 16:08:42'),
(1382, 13, 12, 4, 1.00, '2026-04-20 16:08:42', '2026-04-20 16:08:42'),
(1383, 13, 12, 5, 1.00, '2026-04-20 16:08:42', '2026-04-20 16:08:42'),
(1384, 13, 12, 6, 1.00, '2026-04-20 16:08:42', '2026-04-20 16:08:42'),
(1385, 13, 12, 7, 1.00, '2026-04-20 16:08:42', '2026-04-20 16:08:42'),
(1386, 13, 12, 8, 1.00, '2026-04-20 16:08:42', '2026-04-20 16:08:42'),
(1387, 13, 12, 9, 1.00, '2026-04-20 16:08:42', '2026-04-20 16:08:42'),
(1388, 13, 12, 10, 1.00, '2026-04-20 16:08:42', '2026-04-20 16:08:42'),
(1389, 14, 1, 1, 1.00, '2026-04-27 16:32:24', '2026-04-27 16:32:24'),
(1390, 14, 1, 2, 1.00, '2026-04-27 16:32:24', '2026-04-27 16:32:24'),
(1391, 14, 1, 3, 1.00, '2026-04-27 16:32:24', '2026-04-27 16:32:24'),
(1392, 14, 1, 4, 1.00, '2026-04-27 16:32:24', '2026-04-27 16:32:24'),
(1393, 14, 1, 5, 1.00, '2026-04-27 16:32:24', '2026-04-27 16:32:24'),
(1394, 14, 2, 1, 1.00, '2026-04-27 16:32:24', '2026-04-27 16:32:24'),
(1395, 14, 2, 2, 1.00, '2026-04-27 16:32:24', '2026-04-27 16:32:24'),
(1396, 14, 2, 3, 1.00, '2026-04-27 16:32:24', '2026-04-27 16:32:24'),
(1397, 14, 2, 4, 1.00, '2026-04-27 16:32:24', '2026-04-27 16:32:24'),
(1398, 14, 2, 5, 1.00, '2026-04-27 16:32:24', '2026-04-27 16:32:24'),
(1399, 14, 3, 1, 1.00, '2026-04-27 16:32:24', '2026-04-27 16:32:24'),
(1400, 14, 3, 2, 1.00, '2026-04-27 16:32:24', '2026-04-27 16:32:24'),
(1401, 14, 3, 3, 1.00, '2026-04-27 16:32:24', '2026-04-27 16:32:24'),
(1402, 14, 3, 4, 1.00, '2026-04-27 16:32:24', '2026-04-27 16:32:24'),
(1403, 14, 3, 5, 1.00, '2026-04-27 16:32:24', '2026-04-27 16:32:24'),
(1404, 14, 4, 1, 1.00, '2026-04-27 16:32:24', '2026-04-27 16:32:24'),
(1405, 14, 4, 2, 1.00, '2026-04-27 16:32:24', '2026-04-27 16:32:24'),
(1406, 14, 4, 3, 1.00, '2026-04-27 16:32:24', '2026-04-27 16:32:24'),
(1407, 14, 4, 4, 1.00, '2026-04-27 16:32:24', '2026-04-27 16:32:24'),
(1408, 14, 4, 5, 1.00, '2026-04-27 16:32:24', '2026-04-27 16:32:24'),
(1409, 14, 5, 1, 1.00, '2026-04-27 16:32:24', '2026-04-27 16:32:24'),
(1410, 14, 5, 2, 1.00, '2026-04-27 16:32:24', '2026-04-27 16:32:24'),
(1411, 14, 5, 3, 1.00, '2026-04-27 16:32:24', '2026-04-27 16:32:24'),
(1412, 14, 5, 4, 1.00, '2026-04-27 16:32:24', '2026-04-27 16:32:24'),
(1413, 14, 5, 5, 1.00, '2026-04-27 16:32:24', '2026-04-27 16:32:24');

-- --------------------------------------------------------

--
-- Tábla szerkezet ehhez a táblához `sessions`
--

CREATE TABLE `sessions` (
  `id` varchar(255) NOT NULL,
  `user_id` bigint(20) UNSIGNED DEFAULT NULL,
  `ip_address` varchar(45) DEFAULT NULL,
  `user_agent` text DEFAULT NULL,
  `payload` longtext NOT NULL,
  `last_activity` int(11) NOT NULL
) ENGINE=InnoDB DEFAULT CHARSET=utf8mb4 COLLATE=utf8mb4_unicode_ci;

--
-- A tábla adatainak kiíratása `sessions`
--

INSERT INTO `sessions` (`id`, `user_id`, `ip_address`, `user_agent`, `payload`, `last_activity`) VALUES
('hIbsMhv5M3YTwi7sR0gjADFrG6aKf4pGM6w8PUDp', NULL, '127.0.0.1', 'Mozilla/5.0 (Windows NT 10.0; Win64; x64) AppleWebKit/537.36 (KHTML, like Gecko) Chrome/147.0.0.0 Safari/537.36', 'YTozOntzOjY6Il90b2tlbiI7czo0MDoicXNhdk5nWTM3OTVibllRbWxuU09KeFkxQmhlOEFMMmxJbjJNQWI3bSI7czo5OiJfcHJldmlvdXMiO2E6MTp7czozOiJ1cmwiO3M6MjE6Imh0dHA6Ly8xMjcuMC4wLjE6ODAwMCI7fXM6NjoiX2ZsYXNoIjthOjI6e3M6Mzoib2xkIjthOjA6e31zOjM6Im5ldyI7YTowOnt9fX0=', 1777314510),
('HIIHtbT4VwDmVFrpeDbjyEtKVDkIpJD36wflaTJj', NULL, '127.0.0.1', 'Mozilla/5.0 (Windows NT 10.0; Win64; x64) AppleWebKit/537.36 (KHTML, like Gecko) Chrome/147.0.0.0 Safari/537.36', 'YTozOntzOjY6Il90b2tlbiI7czo0MDoieEwxTDNhMmVqMEZnMGhSSU80eHoyT0FnZ0E3VHRDT3VWbmRIWUNZbSI7czo5OiJfcHJldmlvdXMiO2E6MTp7czozOiJ1cmwiO3M6MjE6Imh0dHA6Ly8xMjcuMC4wLjE6ODAwMCI7fXM6NjoiX2ZsYXNoIjthOjI6e3M6Mzoib2xkIjthOjA6e31zOjM6Im5ldyI7YTowOnt9fX0=', 1777056947),
('mBzqNIBlGVBKezJHiDjRIv1ca1awDtNonwIeIenz', NULL, '127.0.0.1', 'Mozilla/5.0 (Windows NT 10.0; Win64; x64) AppleWebKit/537.36 (KHTML, like Gecko) Chrome/147.0.0.0 Safari/537.36', 'YTozOntzOjY6Il90b2tlbiI7czo0MDoiejFjZHRYRWJuTzRpRG85MTlwYTl0UE1kSXp2dnVIOHBxVXVIZEpxaSI7czo5OiJfcHJldmlvdXMiO2E6MTp7czozOiJ1cmwiO3M6MjE6Imh0dHA6Ly8xMjcuMC4wLjE6ODAwMCI7fXM6NjoiX2ZsYXNoIjthOjI6e3M6Mzoib2xkIjthOjA6e31zOjM6Im5ldyI7YTowOnt9fX0=', 1776758209),
('NigDXW5pSEwH76qwHys9SukOTX7SJhp2tG2LPL53', NULL, '127.0.0.1', 'Mozilla/5.0 (Windows NT 10.0; Win64; x64) AppleWebKit/537.36 (KHTML, like Gecko) Chrome/147.0.0.0 Safari/537.36', 'YTozOntzOjY6Il90b2tlbiI7czo0MDoicDhLbjNuZGpOVGZEN2dDVXdFVzllMFVMSm51RndBVDF3NzFLeXNzdSI7czo5OiJfcHJldmlvdXMiO2E6MTp7czozOiJ1cmwiO3M6MjE6Imh0dHA6Ly8xMjcuMC4wLjE6ODAwMCI7fXM6NjoiX2ZsYXNoIjthOjI6e3M6Mzoib2xkIjthOjA6e31zOjM6Im5ldyI7YTowOnt9fX0=', 1777015287),
('q0QRNCFQzofjhlhLlm6J3TWznLZYYjpIlGjeRvZN', NULL, '127.0.0.1', 'Mozilla/5.0 (Windows NT 10.0; Win64; x64) AppleWebKit/537.36 (KHTML, like Gecko) Chrome/147.0.0.0 Safari/537.36', 'YTozOntzOjY6Il90b2tlbiI7czo0MDoiTXlDS1MweVdpVFJGWE11MUduMENZaW5KVHpvUmV1cnZtbHExSzBqNiI7czo5OiJfcHJldmlvdXMiO2E6MTp7czozOiJ1cmwiO3M6MjE6Imh0dHA6Ly8xMjcuMC4wLjE6ODAwMCI7fXM6NjoiX2ZsYXNoIjthOjI6e3M6Mzoib2xkIjthOjA6e31zOjM6Im5ldyI7YTowOnt9fX0=', 1776715085),
('tmr1kLkJWsNhYKDFk0gmuPgpkSluCGltvR8JNTBH', NULL, '127.0.0.1', 'Mozilla/5.0 (Windows NT 10.0; Win64; x64) AppleWebKit/537.36 (KHTML, like Gecko) Chrome/147.0.0.0 Safari/537.36', 'YTozOntzOjY6Il90b2tlbiI7czo0MDoiOTJmUTRLemdzYk1kVnNjT05VY2tUeHV3VWtpSmlGMGsyb2htVjdHdiI7czo5OiJfcHJldmlvdXMiO2E6MTp7czozOiJ1cmwiO3M6MjE6Imh0dHA6Ly8xMjcuMC4wLjE6ODAwMCI7fXM6NjoiX2ZsYXNoIjthOjI6e3M6Mzoib2xkIjthOjA6e31zOjM6Im5ldyI7YTowOnt9fX0=', 1776799431);

-- --------------------------------------------------------

--
-- Tábla szerkezet ehhez a táblához `tickets`
--

CREATE TABLE `tickets` (
  `id` bigint(20) UNSIGNED NOT NULL,
  `reservation_id` bigint(20) UNSIGNED NOT NULL,
  `seat_id` bigint(20) UNSIGNED NOT NULL,
  `discount_type` bigint(20) UNSIGNED DEFAULT NULL,
  `created_at` timestamp NULL DEFAULT NULL,
  `updated_at` timestamp NULL DEFAULT NULL
) ENGINE=InnoDB DEFAULT CHARSET=utf8mb4 COLLATE=utf8mb4_unicode_ci;

-- --------------------------------------------------------

--
-- Tábla szerkezet ehhez a táblához `users`
--

CREATE TABLE `users` (
  `id` bigint(20) UNSIGNED NOT NULL,
  `name` varchar(255) NOT NULL,
  `email` varchar(255) NOT NULL,
  `email_verified_at` timestamp NULL DEFAULT NULL,
  `password` varchar(255) NOT NULL,
  `role` tinyint(4) NOT NULL DEFAULT 2,
  `remember_token` varchar(100) DEFAULT NULL,
  `created_at` timestamp NULL DEFAULT NULL,
  `updated_at` timestamp NULL DEFAULT NULL
) ENGINE=InnoDB DEFAULT CHARSET=utf8mb4 COLLATE=utf8mb4_unicode_ci;

--
-- A tábla adatainak kiíratása `users`
--

INSERT INTO `users` (`id`, `name`, `email`, `email_verified_at`, `password`, `role`, `remember_token`, `created_at`, `updated_at`) VALUES
(1, 'Bíró Eszter', 'biroeszter@gexample.com', NULL, '$2y$12$4dlOF7sZQ0nfDDOoH.D5IupeKhjkV3juqDf4PKtbhfBTWlai3cMi2', 0, NULL, '2026-04-20 16:08:38', '2026-04-20 16:08:38'),
(2, 'Szépréthy Regina', 'szeprethyregina@example.com', NULL, '$2y$12$poTdI2Xo3K2aXjrabIKTuuypxVpOAEuFYsCS5hzpu8WUVnv4F8CqC', 0, NULL, '2026-04-20 16:08:39', '2026-04-20 16:08:39'),
(3, 'Kasszás Piros', 'kasszaspiros@example.com', NULL, '$2y$12$M4NlVp.f8nbPtkh05BLBVeU7XhNQohXh6S8zDceJnSe3g.xIvPsPS', 2, NULL, '2026-04-20 16:08:39', '2026-04-20 16:08:39'),
(4, 'Pénz Elek', 'penzelek@example.com', NULL, '$2y$12$w..vZphzJsI5sJXqfkqNved6PvYaFPjZklpQIvdggBFtVX3vGS2we', 2, NULL, '2026-04-20 16:08:39', '2026-04-20 16:08:39'),
(5, 'Első Elek', 'elsoelek@example.com', NULL, '$2y$12$dhuKBk6ShR0XOKaQTFRXIe8fdCP7I2ZB1CNpY9/DmvhsX4bFs6svC', 2, NULL, '2026-04-20 16:08:40', '2026-04-20 16:08:40'),
(6, 'Második Mária', 'masodikmaria@example.com', NULL, '$2y$12$YRt0OD.T4xjDIYRO76V/5.AcJqhJqRz1DL6iimroIsHOsYYnVbTdK', 2, NULL, '2026-04-20 16:08:40', '2026-04-20 16:08:40'),
(7, 'Harmadik Hedvig', 'harmadikhedvig@example.com', NULL, '$2y$12$i6HGI2LmUY1.3W28S1/9ue4g400iV2QBrJrMJqmfxv.J4KjBcgF3u', 2, NULL, '2026-04-20 16:08:40', '2026-04-20 16:08:40');

--
-- Indexek a kiírt táblákhoz
--

--
-- A tábla indexei `cache`
--
ALTER TABLE `cache`
  ADD PRIMARY KEY (`key`);

--
-- A tábla indexei `cache_locks`
--
ALTER TABLE `cache_locks`
  ADD PRIMARY KEY (`key`);

--
-- A tábla indexei `concerts`
--
ALTER TABLE `concerts`
  ADD PRIMARY KEY (`id`),
  ADD UNIQUE KEY `concerts_name_room_id_date_unique` (`name`,`room_id`,`date`),
  ADD KEY `concerts_performer_id_foreign` (`performer_id`),
  ADD KEY `concerts_room_id_foreign` (`room_id`);

--
-- A tábla indexei `discounts`
--
ALTER TABLE `discounts`
  ADD PRIMARY KEY (`id`),
  ADD UNIQUE KEY `discounts_type_unique` (`type`);

--
-- A tábla indexei `failed_jobs`
--
ALTER TABLE `failed_jobs`
  ADD PRIMARY KEY (`id`),
  ADD UNIQUE KEY `failed_jobs_uuid_unique` (`uuid`);

--
-- A tábla indexei `genres`
--
ALTER TABLE `genres`
  ADD PRIMARY KEY (`id`);

--
-- A tábla indexei `jobs`
--
ALTER TABLE `jobs`
  ADD PRIMARY KEY (`id`),
  ADD KEY `jobs_queue_index` (`queue`);

--
-- A tábla indexei `job_batches`
--
ALTER TABLE `job_batches`
  ADD PRIMARY KEY (`id`);

--
-- A tábla indexei `migrations`
--
ALTER TABLE `migrations`
  ADD PRIMARY KEY (`id`);

--
-- A tábla indexei `password_reset_tokens`
--
ALTER TABLE `password_reset_tokens`
  ADD PRIMARY KEY (`email`);

--
-- A tábla indexei `performers`
--
ALTER TABLE `performers`
  ADD PRIMARY KEY (`id`),
  ADD KEY `performers_genre_foreign` (`genre`);

--
-- A tábla indexei `personal_access_tokens`
--
ALTER TABLE `personal_access_tokens`
  ADD PRIMARY KEY (`id`),
  ADD UNIQUE KEY `personal_access_tokens_token_unique` (`token`),
  ADD KEY `personal_access_tokens_tokenable_type_tokenable_id_index` (`tokenable_type`,`tokenable_id`),
  ADD KEY `personal_access_tokens_expires_at_index` (`expires_at`);

--
-- A tábla indexei `places`
--
ALTER TABLE `places`
  ADD PRIMARY KEY (`id`);

--
-- A tábla indexei `reservations`
--
ALTER TABLE `reservations`
  ADD PRIMARY KEY (`id`),
  ADD KEY `reservations_user_id_foreign` (`user_id`),
  ADD KEY `reservations_concert_id_foreign` (`concert_id`);

--
-- A tábla indexei `rooms`
--
ALTER TABLE `rooms`
  ADD PRIMARY KEY (`id`),
  ADD UNIQUE KEY `rooms_place_id_serial_number_unique` (`place_id`,`serial_number`);

--
-- A tábla indexei `seats`
--
ALTER TABLE `seats`
  ADD PRIMARY KEY (`id`),
  ADD UNIQUE KEY `seats_room_id_row_number_column_number_unique` (`room_id`,`row_number`,`column_number`);

--
-- A tábla indexei `sessions`
--
ALTER TABLE `sessions`
  ADD PRIMARY KEY (`id`),
  ADD KEY `sessions_user_id_index` (`user_id`),
  ADD KEY `sessions_last_activity_index` (`last_activity`);

--
-- A tábla indexei `tickets`
--
ALTER TABLE `tickets`
  ADD PRIMARY KEY (`id`),
  ADD UNIQUE KEY `tickets_reservation_id_seat_id_unique` (`reservation_id`,`seat_id`),
  ADD KEY `tickets_seat_id_foreign` (`seat_id`),
  ADD KEY `tickets_discount_type_foreign` (`discount_type`);

--
-- A tábla indexei `users`
--
ALTER TABLE `users`
  ADD PRIMARY KEY (`id`),
  ADD UNIQUE KEY `users_email_unique` (`email`);

--
-- A kiírt táblák AUTO_INCREMENT értéke
--

--
-- AUTO_INCREMENT a táblához `concerts`
--
ALTER TABLE `concerts`
  MODIFY `id` bigint(20) UNSIGNED NOT NULL AUTO_INCREMENT, AUTO_INCREMENT=9;

--
-- AUTO_INCREMENT a táblához `discounts`
--
ALTER TABLE `discounts`
  MODIFY `id` bigint(20) UNSIGNED NOT NULL AUTO_INCREMENT, AUTO_INCREMENT=6;

--
-- AUTO_INCREMENT a táblához `failed_jobs`
--
ALTER TABLE `failed_jobs`
  MODIFY `id` bigint(20) UNSIGNED NOT NULL AUTO_INCREMENT;

--
-- AUTO_INCREMENT a táblához `genres`
--
ALTER TABLE `genres`
  MODIFY `id` bigint(20) UNSIGNED NOT NULL AUTO_INCREMENT, AUTO_INCREMENT=11;

--
-- AUTO_INCREMENT a táblához `jobs`
--
ALTER TABLE `jobs`
  MODIFY `id` bigint(20) UNSIGNED NOT NULL AUTO_INCREMENT;

--
-- AUTO_INCREMENT a táblához `migrations`
--
ALTER TABLE `migrations`
  MODIFY `id` int(10) UNSIGNED NOT NULL AUTO_INCREMENT, AUTO_INCREMENT=14;

--
-- AUTO_INCREMENT a táblához `performers`
--
ALTER TABLE `performers`
  MODIFY `id` bigint(20) UNSIGNED NOT NULL AUTO_INCREMENT, AUTO_INCREMENT=16;

--
-- AUTO_INCREMENT a táblához `personal_access_tokens`
--
ALTER TABLE `personal_access_tokens`
  MODIFY `id` bigint(20) UNSIGNED NOT NULL AUTO_INCREMENT, AUTO_INCREMENT=4;

--
-- AUTO_INCREMENT a táblához `places`
--
ALTER TABLE `places`
  MODIFY `id` bigint(20) UNSIGNED NOT NULL AUTO_INCREMENT, AUTO_INCREMENT=11;

--
-- AUTO_INCREMENT a táblához `reservations`
--
ALTER TABLE `reservations`
  MODIFY `id` bigint(20) UNSIGNED NOT NULL AUTO_INCREMENT;

--
-- AUTO_INCREMENT a táblához `rooms`
--
ALTER TABLE `rooms`
  MODIFY `id` bigint(20) UNSIGNED NOT NULL AUTO_INCREMENT, AUTO_INCREMENT=15;

--
-- AUTO_INCREMENT a táblához `seats`
--
ALTER TABLE `seats`
  MODIFY `id` bigint(20) UNSIGNED NOT NULL AUTO_INCREMENT, AUTO_INCREMENT=1414;

--
-- AUTO_INCREMENT a táblához `tickets`
--
ALTER TABLE `tickets`
  MODIFY `id` bigint(20) UNSIGNED NOT NULL AUTO_INCREMENT;

--
-- AUTO_INCREMENT a táblához `users`
--
ALTER TABLE `users`
  MODIFY `id` bigint(20) UNSIGNED NOT NULL AUTO_INCREMENT, AUTO_INCREMENT=8;

--
-- Megkötések a kiírt táblákhoz
--

--
-- Megkötések a táblához `concerts`
--
ALTER TABLE `concerts`
  ADD CONSTRAINT `concerts_performer_id_foreign` FOREIGN KEY (`performer_id`) REFERENCES `performers` (`id`),
  ADD CONSTRAINT `concerts_room_id_foreign` FOREIGN KEY (`room_id`) REFERENCES `rooms` (`id`);

--
-- Megkötések a táblához `performers`
--
ALTER TABLE `performers`
  ADD CONSTRAINT `performers_genre_foreign` FOREIGN KEY (`genre`) REFERENCES `genres` (`id`);

--
-- Megkötések a táblához `reservations`
--
ALTER TABLE `reservations`
  ADD CONSTRAINT `reservations_concert_id_foreign` FOREIGN KEY (`concert_id`) REFERENCES `concerts` (`id`) ON DELETE CASCADE,
  ADD CONSTRAINT `reservations_user_id_foreign` FOREIGN KEY (`user_id`) REFERENCES `users` (`id`) ON DELETE CASCADE;

--
-- Megkötések a táblához `rooms`
--
ALTER TABLE `rooms`
  ADD CONSTRAINT `rooms_place_id_foreign` FOREIGN KEY (`place_id`) REFERENCES `places` (`id`);

--
-- Megkötések a táblához `seats`
--
ALTER TABLE `seats`
  ADD CONSTRAINT `seats_room_id_foreign` FOREIGN KEY (`room_id`) REFERENCES `rooms` (`id`);

--
-- Megkötések a táblához `tickets`
--
ALTER TABLE `tickets`
  ADD CONSTRAINT `tickets_discount_type_foreign` FOREIGN KEY (`discount_type`) REFERENCES `discounts` (`id`),
  ADD CONSTRAINT `tickets_reservation_id_foreign` FOREIGN KEY (`reservation_id`) REFERENCES `reservations` (`id`) ON DELETE CASCADE,
  ADD CONSTRAINT `tickets_seat_id_foreign` FOREIGN KEY (`seat_id`) REFERENCES `seats` (`id`) ON DELETE CASCADE;
COMMIT;

/*!40101 SET CHARACTER_SET_CLIENT=@OLD_CHARACTER_SET_CLIENT */;
/*!40101 SET CHARACTER_SET_RESULTS=@OLD_CHARACTER_SET_RESULTS */;
/*!40101 SET COLLATION_CONNECTION=@OLD_COLLATION_CONNECTION */;
